departamento,provincia,AGRUPACION,TOTAL_VOTOS,POR_EMITIDOS,updated,avance
AMAZONAS,CHACHAPOYAS,TOTAL DE VOTOS VÁLIDOS,25934,91.912,2021-06-08T00:54:00Z,94.10199999999999
AMAZONAS,CHACHAPOYAS,VOTOS EN BLANCO,272,0.964,2021-06-08T00:54:00Z,94.10199999999999
AMAZONAS,CHACHAPOYAS,VOTOS NULOS,2010,7.123999999999999,2021-06-08T00:54:00Z,94.10199999999999
AMAZONAS,CHACHAPOYAS,TOTAL DE VOTOS EMITIDOS,28216,100,2021-06-08T00:54:00Z,94.10199999999999
AMAZONAS,BAGUA,TOTAL DE VOTOS VÁLIDOS,35562,94.389,2021-06-08T00:54:00Z,94.10199999999999
AMAZONAS,BAGUA,VOTOS EN BLANCO,278,0.738,2021-06-08T00:54:00Z,94.10199999999999
AMAZONAS,BAGUA,VOTOS NULOS,1836,4.873,2021-06-08T00:54:00Z,94.10199999999999
AMAZONAS,BAGUA,TOTAL DE VOTOS EMITIDOS,37676,100,2021-06-08T00:54:00Z,94.10199999999999
AMAZONAS,BONGARA,TOTAL DE VOTOS VÁLIDOS,13583,93.187,2021-06-08T00:54:00Z,94.10199999999999
AMAZONAS,BONGARA,VOTOS EN BLANCO,158,1.084,2021-06-08T00:54:00Z,94.10199999999999
AMAZONAS,BONGARA,VOTOS NULOS,835,5.729,2021-06-08T00:54:00Z,94.10199999999999
AMAZONAS,BONGARA,TOTAL DE VOTOS EMITIDOS,14576,100,2021-06-08T00:54:00Z,94.10199999999999
AMAZONAS,LUYA,TOTAL DE VOTOS VÁLIDOS,20282,93.66,2021-06-08T00:54:00Z,94.10199999999999
AMAZONAS,LUYA,VOTOS EN BLANCO,271,1.251,2021-06-08T00:54:00Z,94.10199999999999
AMAZONAS,LUYA,VOTOS NULOS,1102,5.089,2021-06-08T00:54:00Z,94.10199999999999
AMAZONAS,LUYA,TOTAL DE VOTOS EMITIDOS,21655,100,2021-06-08T00:54:00Z,94.10199999999999
AMAZONAS,RODRIGUEZ DE MENDOZA,TOTAL DE VOTOS VÁLIDOS,12732,91.96100000000001,2021-06-08T00:54:00Z,94.10199999999999
AMAZONAS,RODRIGUEZ DE MENDOZA,VOTOS EN BLANCO,146,1.055,2021-06-08T00:54:00Z,94.10199999999999
AMAZONAS,RODRIGUEZ DE MENDOZA,VOTOS NULOS,967,6.984,2021-06-08T00:54:00Z,94.10199999999999
AMAZONAS,RODRIGUEZ DE MENDOZA,TOTAL DE VOTOS EMITIDOS,13845,100,2021-06-08T00:54:00Z,94.10199999999999
AMAZONAS,CONDORCANQUI,TOTAL DE VOTOS VÁLIDOS,7762,95.134,2021-06-08T00:54:00Z,94.10199999999999
AMAZONAS,CONDORCANQUI,VOTOS EN BLANCO,57,0.699,2021-06-08T00:54:00Z,94.10199999999999
AMAZONAS,CONDORCANQUI,VOTOS NULOS,340,4.166999999999999,2021-06-08T00:54:00Z,94.10199999999999
AMAZONAS,CONDORCANQUI,TOTAL DE VOTOS EMITIDOS,8159,100,2021-06-08T00:54:00Z,94.10199999999999
AMAZONAS,UTCUBAMBA,TOTAL DE VOTOS VÁLIDOS,55226,94.242,2021-06-08T00:54:00Z,94.10199999999999
AMAZONAS,UTCUBAMBA,VOTOS EN BLANCO,503,0.8580000000000001,2021-06-08T00:54:00Z,94.10199999999999
AMAZONAS,UTCUBAMBA,VOTOS NULOS,2871,4.899,2021-06-08T00:54:00Z,94.10199999999999
AMAZONAS,UTCUBAMBA,TOTAL DE VOTOS EMITIDOS,58600,100,2021-06-08T00:54:00Z,94.10199999999999
ANCASH,HUARAZ,TOTAL DE VOTOS VÁLIDOS,91588,92.361,2021-06-08T00:54:00Z,94.10199999999999
ANCASH,HUARAZ,VOTOS EN BLANCO,972,0.98,2021-06-08T00:54:00Z,94.10199999999999
ANCASH,HUARAZ,VOTOS NULOS,6603,6.659,2021-06-08T00:54:00Z,94.10199999999999
ANCASH,HUARAZ,TOTAL DE VOTOS EMITIDOS,99163,100,2021-06-08T00:54:00Z,94.10199999999999
ANCASH,AIJA,TOTAL DE VOTOS VÁLIDOS,3738,94.753,2021-06-08T00:54:00Z,94.10199999999999
ANCASH,AIJA,VOTOS EN BLANCO,41,1.039,2021-06-08T00:54:00Z,94.10199999999999
ANCASH,AIJA,VOTOS NULOS,166,4.208,2021-06-08T00:54:00Z,94.10199999999999
ANCASH,AIJA,TOTAL DE VOTOS EMITIDOS,3945,100,2021-06-08T00:54:00Z,94.10199999999999
ANCASH,BOLOGNESI,TOTAL DE VOTOS VÁLIDOS,11684,94.089,2021-06-08T00:54:00Z,94.10199999999999
ANCASH,BOLOGNESI,VOTOS EN BLANCO,122,0.982,2021-06-08T00:54:00Z,94.10199999999999
ANCASH,BOLOGNESI,VOTOS NULOS,612,4.928,2021-06-08T00:54:00Z,94.10199999999999
ANCASH,BOLOGNESI,TOTAL DE VOTOS EMITIDOS,12418,100,2021-06-08T00:54:00Z,94.10199999999999
ANCASH,CARHUAZ,TOTAL DE VOTOS VÁLIDOS,27151,90.30799999999999,2021-06-08T00:54:00Z,94.10199999999999
ANCASH,CARHUAZ,VOTOS EN BLANCO,584,1.942,2021-06-08T00:54:00Z,94.10199999999999
ANCASH,CARHUAZ,VOTOS NULOS,2330,7.75,2021-06-08T00:54:00Z,94.10199999999999
ANCASH,CARHUAZ,TOTAL DE VOTOS EMITIDOS,30065,100,2021-06-08T00:54:00Z,94.10199999999999
ANCASH,CASMA,TOTAL DE VOTOS VÁLIDOS,26240,92.57,2021-06-08T00:54:00Z,94.10199999999999
ANCASH,CASMA,VOTOS EN BLANCO,298,1.051,2021-06-08T00:54:00Z,94.10199999999999
ANCASH,CASMA,VOTOS NULOS,1808,6.378,2021-06-08T00:54:00Z,94.10199999999999
ANCASH,CASMA,TOTAL DE VOTOS EMITIDOS,28346,100,2021-06-08T00:54:00Z,94.10199999999999
ANCASH,CORONGO,TOTAL DE VOTOS VÁLIDOS,3634,94.759,2021-06-08T00:54:00Z,94.10199999999999
ANCASH,CORONGO,VOTOS EN BLANCO,51,1.33,2021-06-08T00:54:00Z,94.10199999999999
ANCASH,CORONGO,VOTOS NULOS,150,3.9109999999999996,2021-06-08T00:54:00Z,94.10199999999999
ANCASH,CORONGO,TOTAL DE VOTOS EMITIDOS,3835,100,2021-06-08T00:54:00Z,94.10199999999999
ANCASH,HUAYLAS,TOTAL DE VOTOS VÁLIDOS,27694,90.551,2021-06-08T00:54:00Z,94.10199999999999
ANCASH,HUAYLAS,VOTOS EN BLANCO,524,1.7129999999999999,2021-06-08T00:54:00Z,94.10199999999999
ANCASH,HUAYLAS,VOTOS NULOS,2366,7.736000000000001,2021-06-08T00:54:00Z,94.10199999999999
ANCASH,HUAYLAS,TOTAL DE VOTOS EMITIDOS,30584,100,2021-06-08T00:54:00Z,94.10199999999999
ANCASH,HUARI,TOTAL DE VOTOS VÁLIDOS,34278,93.771,2021-06-08T00:54:00Z,94.10199999999999
ANCASH,HUARI,VOTOS EN BLANCO,440,1.204,2021-06-08T00:54:00Z,94.10199999999999
ANCASH,HUARI,VOTOS NULOS,1837,5.0249999999999995,2021-06-08T00:54:00Z,94.10199999999999
ANCASH,HUARI,TOTAL DE VOTOS EMITIDOS,36555,100,2021-06-08T00:54:00Z,94.10199999999999
ANCASH,MARISCAL LUZURIAGA,TOTAL DE VOTOS VÁLIDOS,10011,91.167,2021-06-08T00:54:00Z,94.10199999999999
ANCASH,MARISCAL LUZURIAGA,VOTOS EN BLANCO,308,2.8049999999999997,2021-06-08T00:54:00Z,94.10199999999999
ANCASH,MARISCAL LUZURIAGA,VOTOS NULOS,662,6.029,2021-06-08T00:54:00Z,94.10199999999999
ANCASH,MARISCAL LUZURIAGA,TOTAL DE VOTOS EMITIDOS,10981,100,2021-06-08T00:54:00Z,94.10199999999999
ANCASH,PALLASCA,TOTAL DE VOTOS VÁLIDOS,10205,93.026,2021-06-08T00:54:00Z,94.10199999999999
ANCASH,PALLASCA,VOTOS EN BLANCO,160,1.4589999999999999,2021-06-08T00:54:00Z,94.10199999999999
ANCASH,PALLASCA,VOTOS NULOS,605,5.515,2021-06-08T00:54:00Z,94.10199999999999
ANCASH,PALLASCA,TOTAL DE VOTOS EMITIDOS,10970,100,2021-06-08T00:54:00Z,94.10199999999999
ANCASH,POMABAMBA,TOTAL DE VOTOS VÁLIDOS,11588,89.753,2021-06-08T00:54:00Z,94.10199999999999
ANCASH,POMABAMBA,VOTOS EN BLANCO,307,2.3779999999999997,2021-06-08T00:54:00Z,94.10199999999999
ANCASH,POMABAMBA,VOTOS NULOS,1016,7.869,2021-06-08T00:54:00Z,94.10199999999999
ANCASH,POMABAMBA,TOTAL DE VOTOS EMITIDOS,12911,100,2021-06-08T00:54:00Z,94.10199999999999
ANCASH,RECUAY,TOTAL DE VOTOS VÁLIDOS,10466,94.801,2021-06-08T00:54:00Z,94.10199999999999
ANCASH,RECUAY,VOTOS EN BLANCO,109,0.987,2021-06-08T00:54:00Z,94.10199999999999
ANCASH,RECUAY,VOTOS NULOS,465,4.212,2021-06-08T00:54:00Z,94.10199999999999
ANCASH,RECUAY,TOTAL DE VOTOS EMITIDOS,11040,100,2021-06-08T00:54:00Z,94.10199999999999
ANCASH,SANTA,TOTAL DE VOTOS VÁLIDOS,242649,91.196,2021-06-08T00:54:00Z,94.10199999999999
ANCASH,SANTA,VOTOS EN BLANCO,1553,0.584,2021-06-08T00:54:00Z,94.10199999999999
ANCASH,SANTA,VOTOS NULOS,21872,8.219999999999999,2021-06-08T00:54:00Z,94.10199999999999
ANCASH,SANTA,TOTAL DE VOTOS EMITIDOS,266074,100,2021-06-08T00:54:00Z,94.10199999999999
ANCASH,SIHUAS,TOTAL DE VOTOS VÁLIDOS,12873,91.93700000000001,2021-06-08T00:54:00Z,94.10199999999999
ANCASH,SIHUAS,VOTOS EN BLANCO,275,1.964,2021-06-08T00:54:00Z,94.10199999999999
ANCASH,SIHUAS,VOTOS NULOS,854,6.099,2021-06-08T00:54:00Z,94.10199999999999
ANCASH,SIHUAS,TOTAL DE VOTOS EMITIDOS,14002,100,2021-06-08T00:54:00Z,94.10199999999999
ANCASH,YUNGAY,TOTAL DE VOTOS VÁLIDOS,29000,90.577,2021-06-08T00:54:00Z,94.10199999999999
ANCASH,YUNGAY,VOTOS EN BLANCO,651,2.033,2021-06-08T00:54:00Z,94.10199999999999
ANCASH,YUNGAY,VOTOS NULOS,2366,7.39,2021-06-08T00:54:00Z,94.10199999999999
ANCASH,YUNGAY,TOTAL DE VOTOS EMITIDOS,32017,100,2021-06-08T00:54:00Z,94.10199999999999
ANCASH,ANTONIO RAYMONDI,TOTAL DE VOTOS VÁLIDOS,5844,93.849,2021-06-08T00:54:00Z,94.10199999999999
ANCASH,ANTONIO RAYMONDI,VOTOS EN BLANCO,89,1.4289999999999998,2021-06-08T00:54:00Z,94.10199999999999
ANCASH,ANTONIO RAYMONDI,VOTOS NULOS,294,4.721,2021-06-08T00:54:00Z,94.10199999999999
ANCASH,ANTONIO RAYMONDI,TOTAL DE VOTOS EMITIDOS,6227,100,2021-06-08T00:54:00Z,94.10199999999999
ANCASH,CARLOS FERMIN FITZCARRALD,TOTAL DE VOTOS VÁLIDOS,8159,89.394,2021-06-08T00:54:00Z,94.10199999999999
ANCASH,CARLOS FERMIN FITZCARRALD,VOTOS EN BLANCO,241,2.641,2021-06-08T00:54:00Z,94.10199999999999
ANCASH,CARLOS FERMIN FITZCARRALD,VOTOS NULOS,727,7.965,2021-06-08T00:54:00Z,94.10199999999999
ANCASH,CARLOS FERMIN FITZCARRALD,TOTAL DE VOTOS EMITIDOS,9127,100,2021-06-08T00:54:00Z,94.10199999999999
ANCASH,ASUNCION,TOTAL DE VOTOS VÁLIDOS,3687,90.301,2021-06-08T00:54:00Z,94.10199999999999
ANCASH,ASUNCION,VOTOS EN BLANCO,56,1.372,2021-06-08T00:54:00Z,94.10199999999999
ANCASH,ASUNCION,VOTOS NULOS,340,8.327,2021-06-08T00:54:00Z,94.10199999999999
ANCASH,ASUNCION,TOTAL DE VOTOS EMITIDOS,4083,100,2021-06-08T00:54:00Z,94.10199999999999
ANCASH,HUARMEY,TOTAL DE VOTOS VÁLIDOS,16849,95.197,2021-06-08T00:54:00Z,94.10199999999999
ANCASH,HUARMEY,VOTOS EN BLANCO,119,0.6719999999999999,2021-06-08T00:54:00Z,94.10199999999999
ANCASH,HUARMEY,VOTOS NULOS,731,4.13,2021-06-08T00:54:00Z,94.10199999999999
ANCASH,HUARMEY,TOTAL DE VOTOS EMITIDOS,17699,100,2021-06-08T00:54:00Z,94.10199999999999
ANCASH,OCROS,TOTAL DE VOTOS VÁLIDOS,3371,96.59,2021-06-08T00:54:00Z,94.10199999999999
ANCASH,OCROS,VOTOS EN BLANCO,25,0.716,2021-06-08T00:54:00Z,94.10199999999999
ANCASH,OCROS,VOTOS NULOS,94,2.693,2021-06-08T00:54:00Z,94.10199999999999
ANCASH,OCROS,TOTAL DE VOTOS EMITIDOS,3490,100,2021-06-08T00:54:00Z,94.10199999999999
APURIMAC,ABANCAY,TOTAL DE VOTOS VÁLIDOS,57304,94.12799999999999,2021-06-08T00:54:00Z,94.10199999999999
APURIMAC,ABANCAY,VOTOS EN BLANCO,492,0.808,2021-06-08T00:54:00Z,94.10199999999999
APURIMAC,ABANCAY,VOTOS NULOS,3083,5.063999999999999,2021-06-08T00:54:00Z,94.10199999999999
APURIMAC,ABANCAY,TOTAL DE VOTOS EMITIDOS,60879,100,2021-06-08T00:54:00Z,94.10199999999999
APURIMAC,AYMARAES,TOTAL DE VOTOS VÁLIDOS,13914,94.74300000000001,2021-06-08T00:54:00Z,94.10199999999999
APURIMAC,AYMARAES,VOTOS EN BLANCO,156,1.062,2021-06-08T00:54:00Z,94.10199999999999
APURIMAC,AYMARAES,VOTOS NULOS,616,4.193999999999999,2021-06-08T00:54:00Z,94.10199999999999
APURIMAC,AYMARAES,TOTAL DE VOTOS EMITIDOS,14686,100,2021-06-08T00:54:00Z,94.10199999999999
APURIMAC,ANDAHUAYLAS,TOTAL DE VOTOS VÁLIDOS,78879,94.568,2021-06-08T00:54:00Z,94.10199999999999
APURIMAC,ANDAHUAYLAS,VOTOS EN BLANCO,843,1.011,2021-06-08T00:54:00Z,94.10199999999999
APURIMAC,ANDAHUAYLAS,VOTOS NULOS,3688,4.422,2021-06-08T00:54:00Z,94.10199999999999
APURIMAC,ANDAHUAYLAS,TOTAL DE VOTOS EMITIDOS,83410,100,2021-06-08T00:54:00Z,94.10199999999999
APURIMAC,ANTABAMBA,TOTAL DE VOTOS VÁLIDOS,5707,94.518,2021-06-08T00:54:00Z,94.10199999999999
APURIMAC,ANTABAMBA,VOTOS EN BLANCO,63,1.043,2021-06-08T00:54:00Z,94.10199999999999
APURIMAC,ANTABAMBA,VOTOS NULOS,268,4.439000000000001,2021-06-08T00:54:00Z,94.10199999999999
APURIMAC,ANTABAMBA,TOTAL DE VOTOS EMITIDOS,6038,100,2021-06-08T00:54:00Z,94.10199999999999
APURIMAC,COTABAMBAS,TOTAL DE VOTOS VÁLIDOS,22008,92.315,2021-06-08T00:54:00Z,94.10199999999999
APURIMAC,COTABAMBAS,VOTOS EN BLANCO,340,1.426,2021-06-08T00:54:00Z,94.10199999999999
APURIMAC,COTABAMBAS,VOTOS NULOS,1492,6.258,2021-06-08T00:54:00Z,94.10199999999999
APURIMAC,COTABAMBAS,TOTAL DE VOTOS EMITIDOS,23840,100,2021-06-08T00:54:00Z,94.10199999999999
APURIMAC,GRAU,TOTAL DE VOTOS VÁLIDOS,11178,93.90100000000001,2021-06-08T00:54:00Z,94.10199999999999
APURIMAC,GRAU,VOTOS EN BLANCO,190,1.596,2021-06-08T00:54:00Z,94.10199999999999
APURIMAC,GRAU,VOTOS NULOS,536,4.503,2021-06-08T00:54:00Z,94.10199999999999
APURIMAC,GRAU,TOTAL DE VOTOS EMITIDOS,11904,100,2021-06-08T00:54:00Z,94.10199999999999
APURIMAC,CHINCHEROS,TOTAL DE VOTOS VÁLIDOS,23729,94.977,2021-06-08T00:54:00Z,94.10199999999999
APURIMAC,CHINCHEROS,VOTOS EN BLANCO,251,1.005,2021-06-08T00:54:00Z,94.10199999999999
APURIMAC,CHINCHEROS,VOTOS NULOS,1004,4.019,2021-06-08T00:54:00Z,94.10199999999999
APURIMAC,CHINCHEROS,TOTAL DE VOTOS EMITIDOS,24984,100,2021-06-08T00:54:00Z,94.10199999999999
AREQUIPA,AREQUIPA,TOTAL DE VOTOS VÁLIDOS,682973,94.18499999999999,2021-06-08T00:54:00Z,94.10199999999999
AREQUIPA,AREQUIPA,VOTOS EN BLANCO,2508,0.346,2021-06-08T00:54:00Z,94.10199999999999
AREQUIPA,AREQUIPA,VOTOS NULOS,39656,5.469,2021-06-08T00:54:00Z,94.10199999999999
AREQUIPA,AREQUIPA,TOTAL DE VOTOS EMITIDOS,725137,100,2021-06-08T00:54:00Z,94.10199999999999
AREQUIPA,CAYLLOMA,TOTAL DE VOTOS VÁLIDOS,54438,95.438,2021-06-08T00:54:00Z,94.10199999999999
AREQUIPA,CAYLLOMA,VOTOS EN BLANCO,328,0.5750000000000001,2021-06-08T00:54:00Z,94.10199999999999
AREQUIPA,CAYLLOMA,VOTOS NULOS,2274,3.987,2021-06-08T00:54:00Z,94.10199999999999
AREQUIPA,CAYLLOMA,TOTAL DE VOTOS EMITIDOS,57040,100,2021-06-08T00:54:00Z,94.10199999999999
AREQUIPA,CAMANA,TOTAL DE VOTOS VÁLIDOS,34820,94.286,2021-06-08T00:54:00Z,94.10199999999999
AREQUIPA,CAMANA,VOTOS EN BLANCO,185,0.501,2021-06-08T00:54:00Z,94.10199999999999
AREQUIPA,CAMANA,VOTOS NULOS,1925,5.213,2021-06-08T00:54:00Z,94.10199999999999
AREQUIPA,CAMANA,TOTAL DE VOTOS EMITIDOS,36930,100,2021-06-08T00:54:00Z,94.10199999999999
AREQUIPA,CARAVELI,TOTAL DE VOTOS VÁLIDOS,17856,95.45100000000001,2021-06-08T00:54:00Z,94.10199999999999
AREQUIPA,CARAVELI,VOTOS EN BLANCO,103,0.551,2021-06-08T00:54:00Z,94.10199999999999
AREQUIPA,CARAVELI,VOTOS NULOS,748,3.9989999999999997,2021-06-08T00:54:00Z,94.10199999999999
AREQUIPA,CARAVELI,TOTAL DE VOTOS EMITIDOS,18707,100,2021-06-08T00:54:00Z,94.10199999999999
AREQUIPA,CASTILLA,TOTAL DE VOTOS VÁLIDOS,16870,94.44600000000001,2021-06-08T00:54:00Z,94.10199999999999
AREQUIPA,CASTILLA,VOTOS EN BLANCO,120,0.6719999999999999,2021-06-08T00:54:00Z,94.10199999999999
AREQUIPA,CASTILLA,VOTOS NULOS,872,4.882,2021-06-08T00:54:00Z,94.10199999999999
AREQUIPA,CASTILLA,TOTAL DE VOTOS EMITIDOS,17862,100,2021-06-08T00:54:00Z,94.10199999999999
AREQUIPA,CONDESUYOS,TOTAL DE VOTOS VÁLIDOS,7027,94.462,2021-06-08T00:54:00Z,94.10199999999999
AREQUIPA,CONDESUYOS,VOTOS EN BLANCO,64,0.8600000000000001,2021-06-08T00:54:00Z,94.10199999999999
AREQUIPA,CONDESUYOS,VOTOS NULOS,348,4.678,2021-06-08T00:54:00Z,94.10199999999999
AREQUIPA,CONDESUYOS,TOTAL DE VOTOS EMITIDOS,7439,100,2021-06-08T00:54:00Z,94.10199999999999
AREQUIPA,ISLAY,TOTAL DE VOTOS VÁLIDOS,33655,94.955,2021-06-08T00:54:00Z,94.10199999999999
AREQUIPA,ISLAY,VOTOS EN BLANCO,163,0.46,2021-06-08T00:54:00Z,94.10199999999999
AREQUIPA,ISLAY,VOTOS NULOS,1625,4.585,2021-06-08T00:54:00Z,94.10199999999999
AREQUIPA,ISLAY,TOTAL DE VOTOS EMITIDOS,35443,100,2021-06-08T00:54:00Z,94.10199999999999
AREQUIPA,LA UNION,TOTAL DE VOTOS VÁLIDOS,5708,92.18299999999999,2021-06-08T00:54:00Z,94.10199999999999
AREQUIPA,LA UNION,VOTOS EN BLANCO,88,1.4209999999999998,2021-06-08T00:54:00Z,94.10199999999999
AREQUIPA,LA UNION,VOTOS NULOS,396,6.395,2021-06-08T00:54:00Z,94.10199999999999
AREQUIPA,LA UNION,TOTAL DE VOTOS EMITIDOS,6192,100,2021-06-08T00:54:00Z,94.10199999999999
AYACUCHO,HUAMANGA,TOTAL DE VOTOS VÁLIDOS,158094,95.212,2021-06-08T00:54:00Z,94.10199999999999
AYACUCHO,HUAMANGA,VOTOS EN BLANCO,977,0.588,2021-06-08T00:54:00Z,94.10199999999999
AYACUCHO,HUAMANGA,VOTOS NULOS,6973,4.199,2021-06-08T00:54:00Z,94.10199999999999
AYACUCHO,HUAMANGA,TOTAL DE VOTOS EMITIDOS,166044,100,2021-06-08T00:54:00Z,94.10199999999999
AYACUCHO,CANGALLO,TOTAL DE VOTOS VÁLIDOS,16332,94.722,2021-06-08T00:54:00Z,94.10199999999999
AYACUCHO,CANGALLO,VOTOS EN BLANCO,183,1.061,2021-06-08T00:54:00Z,94.10199999999999
AYACUCHO,CANGALLO,VOTOS NULOS,727,4.216,2021-06-08T00:54:00Z,94.10199999999999
AYACUCHO,CANGALLO,TOTAL DE VOTOS EMITIDOS,17242,100,2021-06-08T00:54:00Z,94.10199999999999
AYACUCHO,HUANTA,TOTAL DE VOTOS VÁLIDOS,32914,94.853,2021-06-08T00:54:00Z,94.10199999999999
AYACUCHO,HUANTA,VOTOS EN BLANCO,332,0.9570000000000001,2021-06-08T00:54:00Z,94.10199999999999
AYACUCHO,HUANTA,VOTOS NULOS,1454,4.1899999999999995,2021-06-08T00:54:00Z,94.10199999999999
AYACUCHO,HUANTA,TOTAL DE VOTOS EMITIDOS,34700,100,2021-06-08T00:54:00Z,94.10199999999999
AYACUCHO,LA MAR,TOTAL DE VOTOS VÁLIDOS,16766,94.366,2021-06-08T00:54:00Z,94.10199999999999
AYACUCHO,LA MAR,VOTOS EN BLANCO,177,0.996,2021-06-08T00:54:00Z,94.10199999999999
AYACUCHO,LA MAR,VOTOS NULOS,824,4.638,2021-06-08T00:54:00Z,94.10199999999999
AYACUCHO,LA MAR,TOTAL DE VOTOS EMITIDOS,17767,100,2021-06-08T00:54:00Z,94.10199999999999
AYACUCHO,LUCANAS,TOTAL DE VOTOS VÁLIDOS,21890,94.992,2021-06-08T00:54:00Z,94.10199999999999
AYACUCHO,LUCANAS,VOTOS EN BLANCO,214,0.929,2021-06-08T00:54:00Z,94.10199999999999
AYACUCHO,LUCANAS,VOTOS NULOS,940,4.079000000000001,2021-06-08T00:54:00Z,94.10199999999999
AYACUCHO,LUCANAS,TOTAL DE VOTOS EMITIDOS,23044,100,2021-06-08T00:54:00Z,94.10199999999999
AYACUCHO,PARINACOCHAS,TOTAL DE VOTOS VÁLIDOS,10977,94.842,2021-06-08T00:54:00Z,94.10199999999999
AYACUCHO,PARINACOCHAS,VOTOS EN BLANCO,125,1.08,2021-06-08T00:54:00Z,94.10199999999999
AYACUCHO,PARINACOCHAS,VOTOS NULOS,472,4.078,2021-06-08T00:54:00Z,94.10199999999999
AYACUCHO,PARINACOCHAS,TOTAL DE VOTOS EMITIDOS,11574,100,2021-06-08T00:54:00Z,94.10199999999999
AYACUCHO,VICTOR FAJARDO,TOTAL DE VOTOS VÁLIDOS,9539,93.51,2021-06-08T00:54:00Z,94.10199999999999
AYACUCHO,VICTOR FAJARDO,VOTOS EN BLANCO,110,1.078,2021-06-08T00:54:00Z,94.10199999999999
AYACUCHO,VICTOR FAJARDO,VOTOS NULOS,552,5.4110000000000005,2021-06-08T00:54:00Z,94.10199999999999
AYACUCHO,VICTOR FAJARDO,TOTAL DE VOTOS EMITIDOS,10201,100,2021-06-08T00:54:00Z,94.10199999999999
AYACUCHO,HUANCA SANCOS,TOTAL DE VOTOS VÁLIDOS,4779,94.559,2021-06-08T00:54:00Z,94.10199999999999
AYACUCHO,HUANCA SANCOS,VOTOS EN BLANCO,61,1.2069999999999999,2021-06-08T00:54:00Z,94.10199999999999
AYACUCHO,HUANCA SANCOS,VOTOS NULOS,214,4.234,2021-06-08T00:54:00Z,94.10199999999999
AYACUCHO,HUANCA SANCOS,TOTAL DE VOTOS EMITIDOS,5054,100,2021-06-08T00:54:00Z,94.10199999999999
AYACUCHO,VILCAS HUAMAN,TOTAL DE VOTOS VÁLIDOS,9626,92.584,2021-06-08T00:54:00Z,94.10199999999999
AYACUCHO,VILCAS HUAMAN,VOTOS EN BLANCO,108,1.039,2021-06-08T00:54:00Z,94.10199999999999
AYACUCHO,VILCAS HUAMAN,VOTOS NULOS,663,6.377,2021-06-08T00:54:00Z,94.10199999999999
AYACUCHO,VILCAS HUAMAN,TOTAL DE VOTOS EMITIDOS,10397,100,2021-06-08T00:54:00Z,94.10199999999999
AYACUCHO,PAUCAR DEL SARA SARA,TOTAL DE VOTOS VÁLIDOS,4180,94.187,2021-06-08T00:54:00Z,94.10199999999999
AYACUCHO,PAUCAR DEL SARA SARA,VOTOS EN BLANCO,32,0.721,2021-06-08T00:54:00Z,94.10199999999999
AYACUCHO,PAUCAR DEL SARA SARA,VOTOS NULOS,226,5.092,2021-06-08T00:54:00Z,94.10199999999999
AYACUCHO,PAUCAR DEL SARA SARA,TOTAL DE VOTOS EMITIDOS,4438,100,2021-06-08T00:54:00Z,94.10199999999999
AYACUCHO,SUCRE,TOTAL DE VOTOS VÁLIDOS,4466,94.04100000000001,2021-06-08T00:54:00Z,94.10199999999999
AYACUCHO,SUCRE,VOTOS EN BLANCO,72,1.516,2021-06-08T00:54:00Z,94.10199999999999
AYACUCHO,SUCRE,VOTOS NULOS,211,4.4430000000000005,2021-06-08T00:54:00Z,94.10199999999999
AYACUCHO,SUCRE,TOTAL DE VOTOS EMITIDOS,4749,100,2021-06-08T00:54:00Z,94.10199999999999
CAJAMARCA,CAJAMARCA,TOTAL DE VOTOS VÁLIDOS,192477,92.224,2021-06-08T00:54:00Z,94.10199999999999
CAJAMARCA,CAJAMARCA,VOTOS EN BLANCO,2154,1.032,2021-06-08T00:54:00Z,94.10199999999999
CAJAMARCA,CAJAMARCA,VOTOS NULOS,14076,6.744,2021-06-08T00:54:00Z,94.10199999999999
CAJAMARCA,CAJAMARCA,TOTAL DE VOTOS EMITIDOS,208707,100,2021-06-08T00:54:00Z,94.10199999999999
CAJAMARCA,CAJABAMBA,TOTAL DE VOTOS VÁLIDOS,32550,90.975,2021-06-08T00:54:00Z,94.10199999999999
CAJAMARCA,CAJABAMBA,VOTOS EN BLANCO,537,1.501,2021-06-08T00:54:00Z,94.10199999999999
CAJAMARCA,CAJABAMBA,VOTOS NULOS,2692,7.523999999999999,2021-06-08T00:54:00Z,94.10199999999999
CAJAMARCA,CAJABAMBA,TOTAL DE VOTOS EMITIDOS,35779,100,2021-06-08T00:54:00Z,94.10199999999999
CAJAMARCA,CELENDIN,TOTAL DE VOTOS VÁLIDOS,39123,94.26100000000001,2021-06-08T00:54:00Z,94.10199999999999
CAJAMARCA,CELENDIN,VOTOS EN BLANCO,418,1.007,2021-06-08T00:54:00Z,94.10199999999999
CAJAMARCA,CELENDIN,VOTOS NULOS,1964,4.732,2021-06-08T00:54:00Z,94.10199999999999
CAJAMARCA,CELENDIN,TOTAL DE VOTOS EMITIDOS,41505,100,2021-06-08T00:54:00Z,94.10199999999999
CAJAMARCA,CONTUMAZA,TOTAL DE VOTOS VÁLIDOS,13998,94.199,2021-06-08T00:54:00Z,94.10199999999999
CAJAMARCA,CONTUMAZA,VOTOS EN BLANCO,191,1.285,2021-06-08T00:54:00Z,94.10199999999999
CAJAMARCA,CONTUMAZA,VOTOS NULOS,671,4.515,2021-06-08T00:54:00Z,94.10199999999999
CAJAMARCA,CONTUMAZA,TOTAL DE VOTOS EMITIDOS,14860,100,2021-06-08T00:54:00Z,94.10199999999999
CAJAMARCA,CUTERVO,TOTAL DE VOTOS VÁLIDOS,57742,94.66999999999999,2021-06-08T00:54:00Z,94.10199999999999
CAJAMARCA,CUTERVO,VOTOS EN BLANCO,511,0.8380000000000001,2021-06-08T00:54:00Z,94.10199999999999
CAJAMARCA,CUTERVO,VOTOS NULOS,2740,4.492,2021-06-08T00:54:00Z,94.10199999999999
CAJAMARCA,CUTERVO,TOTAL DE VOTOS EMITIDOS,60993,100,2021-06-08T00:54:00Z,94.10199999999999
CAJAMARCA,CHOTA,TOTAL DE VOTOS VÁLIDOS,77587,95.38799999999999,2021-06-08T00:54:00Z,94.10199999999999
CAJAMARCA,CHOTA,VOTOS EN BLANCO,746,0.917,2021-06-08T00:54:00Z,94.10199999999999
CAJAMARCA,CHOTA,VOTOS NULOS,3005,3.694,2021-06-08T00:54:00Z,94.10199999999999
CAJAMARCA,CHOTA,TOTAL DE VOTOS EMITIDOS,81338,100,2021-06-08T00:54:00Z,94.10199999999999
CAJAMARCA,HUALGAYOC,TOTAL DE VOTOS VÁLIDOS,46244,93.223,2021-06-08T00:54:00Z,94.10199999999999
CAJAMARCA,HUALGAYOC,VOTOS EN BLANCO,594,1.197,2021-06-08T00:54:00Z,94.10199999999999
CAJAMARCA,HUALGAYOC,VOTOS NULOS,2768,5.58,2021-06-08T00:54:00Z,94.10199999999999
CAJAMARCA,HUALGAYOC,TOTAL DE VOTOS EMITIDOS,49606,100,2021-06-08T00:54:00Z,94.10199999999999
CAJAMARCA,JAEN,TOTAL DE VOTOS VÁLIDOS,103417,94.391,2021-06-08T00:54:00Z,94.10199999999999
CAJAMARCA,JAEN,VOTOS EN BLANCO,831,0.758,2021-06-08T00:54:00Z,94.10199999999999
CAJAMARCA,JAEN,VOTOS NULOS,5314,4.85,2021-06-08T00:54:00Z,94.10199999999999
CAJAMARCA,JAEN,TOTAL DE VOTOS EMITIDOS,109562,100,2021-06-08T00:54:00Z,94.10199999999999
CAJAMARCA,SANTA CRUZ,TOTAL DE VOTOS VÁLIDOS,19427,95.44600000000001,2021-06-08T00:54:00Z,94.10199999999999
CAJAMARCA,SANTA CRUZ,VOTOS EN BLANCO,192,0.9430000000000001,2021-06-08T00:54:00Z,94.10199999999999
CAJAMARCA,SANTA CRUZ,VOTOS NULOS,735,3.6109999999999998,2021-06-08T00:54:00Z,94.10199999999999
CAJAMARCA,SANTA CRUZ,TOTAL DE VOTOS EMITIDOS,20354,100,2021-06-08T00:54:00Z,94.10199999999999
CAJAMARCA,SAN MIGUEL,TOTAL DE VOTOS VÁLIDOS,25821,94.603,2021-06-08T00:54:00Z,94.10199999999999
CAJAMARCA,SAN MIGUEL,VOTOS EN BLANCO,341,1.2489999999999999,2021-06-08T00:54:00Z,94.10199999999999
CAJAMARCA,SAN MIGUEL,VOTOS NULOS,1132,4.146999999999999,2021-06-08T00:54:00Z,94.10199999999999
CAJAMARCA,SAN MIGUEL,TOTAL DE VOTOS EMITIDOS,27294,100,2021-06-08T00:54:00Z,94.10199999999999
CAJAMARCA,SAN IGNACIO,TOTAL DE VOTOS VÁLIDOS,66813,94.928,2021-06-08T00:54:00Z,94.10199999999999
CAJAMARCA,SAN IGNACIO,VOTOS EN BLANCO,563,0.8,2021-06-08T00:54:00Z,94.10199999999999
CAJAMARCA,SAN IGNACIO,VOTOS NULOS,3007,4.272,2021-06-08T00:54:00Z,94.10199999999999
CAJAMARCA,SAN IGNACIO,TOTAL DE VOTOS EMITIDOS,70383,100,2021-06-08T00:54:00Z,94.10199999999999
CAJAMARCA,SAN MARCOS,TOTAL DE VOTOS VÁLIDOS,23903,92.27499999999999,2021-06-08T00:54:00Z,94.10199999999999
CAJAMARCA,SAN MARCOS,VOTOS EN BLANCO,353,1.363,2021-06-08T00:54:00Z,94.10199999999999
CAJAMARCA,SAN MARCOS,VOTOS NULOS,1648,6.361999999999999,2021-06-08T00:54:00Z,94.10199999999999
CAJAMARCA,SAN MARCOS,TOTAL DE VOTOS EMITIDOS,25904,100,2021-06-08T00:54:00Z,94.10199999999999
CAJAMARCA,SAN PABLO,TOTAL DE VOTOS VÁLIDOS,12374,94.755,2021-06-08T00:54:00Z,94.10199999999999
CAJAMARCA,SAN PABLO,VOTOS EN BLANCO,162,1.2409999999999999,2021-06-08T00:54:00Z,94.10199999999999
CAJAMARCA,SAN PABLO,VOTOS NULOS,523,4.005,2021-06-08T00:54:00Z,94.10199999999999
CAJAMARCA,SAN PABLO,TOTAL DE VOTOS EMITIDOS,13059,100,2021-06-08T00:54:00Z,94.10199999999999
CUSCO,CUSCO,TOTAL DE VOTOS VÁLIDOS,261714,93.405,2021-06-08T00:54:00Z,94.10199999999999
CUSCO,CUSCO,VOTOS EN BLANCO,1354,0.48300000000000004,2021-06-08T00:54:00Z,94.10199999999999
CUSCO,CUSCO,VOTOS NULOS,17124,6.111999999999999,2021-06-08T00:54:00Z,94.10199999999999
CUSCO,CUSCO,TOTAL DE VOTOS EMITIDOS,280192,100,2021-06-08T00:54:00Z,94.10199999999999
CUSCO,ACOMAYO,TOTAL DE VOTOS VÁLIDOS,13597,94.799,2021-06-08T00:54:00Z,94.10199999999999
CUSCO,ACOMAYO,VOTOS EN BLANCO,168,1.171,2021-06-08T00:54:00Z,94.10199999999999
CUSCO,ACOMAYO,VOTOS NULOS,578,4.03,2021-06-08T00:54:00Z,94.10199999999999
CUSCO,ACOMAYO,TOTAL DE VOTOS EMITIDOS,14343,100,2021-06-08T00:54:00Z,94.10199999999999
CUSCO,ANTA,TOTAL DE VOTOS VÁLIDOS,35186,94.063,2021-06-08T00:54:00Z,94.10199999999999
CUSCO,ANTA,VOTOS EN BLANCO,374,1,2021-06-08T00:54:00Z,94.10199999999999
CUSCO,ANTA,VOTOS NULOS,1847,4.938000000000001,2021-06-08T00:54:00Z,94.10199999999999
CUSCO,ANTA,TOTAL DE VOTOS EMITIDOS,37407,100,2021-06-08T00:54:00Z,94.10199999999999
CUSCO,CALCA,TOTAL DE VOTOS VÁLIDOS,38803,94.478,2021-06-08T00:54:00Z,94.10199999999999
CUSCO,CALCA,VOTOS EN BLANCO,386,0.9400000000000001,2021-06-08T00:54:00Z,94.10199999999999
CUSCO,CALCA,VOTOS NULOS,1882,4.582,2021-06-08T00:54:00Z,94.10199999999999
CUSCO,CALCA,TOTAL DE VOTOS EMITIDOS,41071,100,2021-06-08T00:54:00Z,94.10199999999999
CUSCO,CANAS,TOTAL DE VOTOS VÁLIDOS,21936,95.532,2021-06-08T00:54:00Z,94.10199999999999
CUSCO,CANAS,VOTOS EN BLANCO,159,0.692,2021-06-08T00:54:00Z,94.10199999999999
CUSCO,CANAS,VOTOS NULOS,867,3.776,2021-06-08T00:54:00Z,94.10199999999999
CUSCO,CANAS,TOTAL DE VOTOS EMITIDOS,22962,100,2021-06-08T00:54:00Z,94.10199999999999
CUSCO,CANCHIS,TOTAL DE VOTOS VÁLIDOS,59649,95.46300000000001,2021-06-08T00:54:00Z,94.10199999999999
CUSCO,CANCHIS,VOTOS EN BLANCO,400,0.64,2021-06-08T00:54:00Z,94.10199999999999
CUSCO,CANCHIS,VOTOS NULOS,2435,3.897,2021-06-08T00:54:00Z,94.10199999999999
CUSCO,CANCHIS,TOTAL DE VOTOS EMITIDOS,62484,100,2021-06-08T00:54:00Z,94.10199999999999
CUSCO,CHUMBIVILCAS,TOTAL DE VOTOS VÁLIDOS,38571,95.09400000000001,2021-06-08T00:54:00Z,94.10199999999999
CUSCO,CHUMBIVILCAS,VOTOS EN BLANCO,392,0.966,2021-06-08T00:54:00Z,94.10199999999999
CUSCO,CHUMBIVILCAS,VOTOS NULOS,1598,3.94,2021-06-08T00:54:00Z,94.10199999999999
CUSCO,CHUMBIVILCAS,TOTAL DE VOTOS EMITIDOS,40561,100,2021-06-08T00:54:00Z,94.10199999999999
CUSCO,ESPINAR,TOTAL DE VOTOS VÁLIDOS,34118,94.71700000000001,2021-06-08T00:54:00Z,94.10199999999999
CUSCO,ESPINAR,VOTOS EN BLANCO,280,0.777,2021-06-08T00:54:00Z,94.10199999999999
CUSCO,ESPINAR,VOTOS NULOS,1623,4.506,2021-06-08T00:54:00Z,94.10199999999999
CUSCO,ESPINAR,TOTAL DE VOTOS EMITIDOS,36021,100,2021-06-08T00:54:00Z,94.10199999999999
CUSCO,LA CONVENCION,TOTAL DE VOTOS VÁLIDOS,51157,95.408,2021-06-08T00:54:00Z,94.10199999999999
CUSCO,LA CONVENCION,VOTOS EN BLANCO,308,0.5740000000000001,2021-06-08T00:54:00Z,94.10199999999999
CUSCO,LA CONVENCION,VOTOS NULOS,2154,4.0169999999999995,2021-06-08T00:54:00Z,94.10199999999999
CUSCO,LA CONVENCION,TOTAL DE VOTOS EMITIDOS,53619,100,2021-06-08T00:54:00Z,94.10199999999999
CUSCO,PARURO,TOTAL DE VOTOS VÁLIDOS,16001,94.079,2021-06-08T00:54:00Z,94.10199999999999
CUSCO,PARURO,VOTOS EN BLANCO,228,1.341,2021-06-08T00:54:00Z,94.10199999999999
CUSCO,PARURO,VOTOS NULOS,779,4.58,2021-06-08T00:54:00Z,94.10199999999999
CUSCO,PARURO,TOTAL DE VOTOS EMITIDOS,17008,100,2021-06-08T00:54:00Z,94.10199999999999
CUSCO,PAUCARTAMBO,TOTAL DE VOTOS VÁLIDOS,25254,94.634,2021-06-08T00:54:00Z,94.10199999999999
CUSCO,PAUCARTAMBO,VOTOS EN BLANCO,251,0.9410000000000001,2021-06-08T00:54:00Z,94.10199999999999
CUSCO,PAUCARTAMBO,VOTOS NULOS,1181,4.426,2021-06-08T00:54:00Z,94.10199999999999
CUSCO,PAUCARTAMBO,TOTAL DE VOTOS EMITIDOS,26686,100,2021-06-08T00:54:00Z,94.10199999999999
CUSCO,QUISPICANCHI,TOTAL DE VOTOS VÁLIDOS,51041,95.079,2021-06-08T00:54:00Z,94.10199999999999
CUSCO,QUISPICANCHI,VOTOS EN BLANCO,454,0.8460000000000001,2021-06-08T00:54:00Z,94.10199999999999
CUSCO,QUISPICANCHI,VOTOS NULOS,2188,4.0760000000000005,2021-06-08T00:54:00Z,94.10199999999999
CUSCO,QUISPICANCHI,TOTAL DE VOTOS EMITIDOS,53683,100,2021-06-08T00:54:00Z,94.10199999999999
CUSCO,URUBAMBA,TOTAL DE VOTOS VÁLIDOS,40736,94.973,2021-06-08T00:54:00Z,94.10199999999999
CUSCO,URUBAMBA,VOTOS EN BLANCO,299,0.697,2021-06-08T00:54:00Z,94.10199999999999
CUSCO,URUBAMBA,VOTOS NULOS,1857,4.329,2021-06-08T00:54:00Z,94.10199999999999
CUSCO,URUBAMBA,TOTAL DE VOTOS EMITIDOS,42892,100,2021-06-08T00:54:00Z,94.10199999999999
HUANCAVELICA,HUANCAVELICA,TOTAL DE VOTOS VÁLIDOS,66215,95.35199999999999,2021-06-08T00:54:00Z,94.10199999999999
HUANCAVELICA,HUANCAVELICA,VOTOS EN BLANCO,468,0.6739999999999999,2021-06-08T00:54:00Z,94.10199999999999
HUANCAVELICA,HUANCAVELICA,VOTOS NULOS,2760,3.9739999999999998,2021-06-08T00:54:00Z,94.10199999999999
HUANCAVELICA,HUANCAVELICA,TOTAL DE VOTOS EMITIDOS,69443,100,2021-06-08T00:54:00Z,94.10199999999999
HUANCAVELICA,ACOBAMBA,TOTAL DE VOTOS VÁLIDOS,21717,95.008,2021-06-08T00:54:00Z,94.10199999999999
HUANCAVELICA,ACOBAMBA,VOTOS EN BLANCO,214,0.936,2021-06-08T00:54:00Z,94.10199999999999
HUANCAVELICA,ACOBAMBA,VOTOS NULOS,927,4.055,2021-06-08T00:54:00Z,94.10199999999999
HUANCAVELICA,ACOBAMBA,TOTAL DE VOTOS EMITIDOS,22858,100,2021-06-08T00:54:00Z,94.10199999999999
HUANCAVELICA,ANGARAES,TOTAL DE VOTOS VÁLIDOS,25177,94.356,2021-06-08T00:54:00Z,94.10199999999999
HUANCAVELICA,ANGARAES,VOTOS EN BLANCO,338,1.267,2021-06-08T00:54:00Z,94.10199999999999
HUANCAVELICA,ANGARAES,VOTOS NULOS,1168,4.377,2021-06-08T00:54:00Z,94.10199999999999
HUANCAVELICA,ANGARAES,TOTAL DE VOTOS EMITIDOS,26683,100,2021-06-08T00:54:00Z,94.10199999999999
HUANCAVELICA,CASTROVIRREYNA,TOTAL DE VOTOS VÁLIDOS,9018,95.44900000000001,2021-06-08T00:54:00Z,94.10199999999999
HUANCAVELICA,CASTROVIRREYNA,VOTOS EN BLANCO,95,1.006,2021-06-08T00:54:00Z,94.10199999999999
HUANCAVELICA,CASTROVIRREYNA,VOTOS NULOS,335,3.546,2021-06-08T00:54:00Z,94.10199999999999
HUANCAVELICA,CASTROVIRREYNA,TOTAL DE VOTOS EMITIDOS,9448,100,2021-06-08T00:54:00Z,94.10199999999999
HUANCAVELICA,TAYACAJA,TOTAL DE VOTOS VÁLIDOS,44722,94.35,2021-06-08T00:54:00Z,94.10199999999999
HUANCAVELICA,TAYACAJA,VOTOS EN BLANCO,557,1.175,2021-06-08T00:54:00Z,94.10199999999999
HUANCAVELICA,TAYACAJA,VOTOS NULOS,2121,4.4750000000000005,2021-06-08T00:54:00Z,94.10199999999999
HUANCAVELICA,TAYACAJA,TOTAL DE VOTOS EMITIDOS,47400,100,2021-06-08T00:54:00Z,94.10199999999999
HUANCAVELICA,HUAYTARA,TOTAL DE VOTOS VÁLIDOS,9918,94.96400000000001,2021-06-08T00:54:00Z,94.10199999999999
HUANCAVELICA,HUAYTARA,VOTOS EN BLANCO,109,1.044,2021-06-08T00:54:00Z,94.10199999999999
HUANCAVELICA,HUAYTARA,VOTOS NULOS,417,3.993,2021-06-08T00:54:00Z,94.10199999999999
HUANCAVELICA,HUAYTARA,TOTAL DE VOTOS EMITIDOS,10444,100,2021-06-08T00:54:00Z,94.10199999999999
HUANCAVELICA,CHURCAMPA,TOTAL DE VOTOS VÁLIDOS,4506,94.327,2021-06-08T00:54:00Z,94.10199999999999
HUANCAVELICA,CHURCAMPA,VOTOS EN BLANCO,65,1.361,2021-06-08T00:54:00Z,94.10199999999999
HUANCAVELICA,CHURCAMPA,VOTOS NULOS,206,4.311999999999999,2021-06-08T00:54:00Z,94.10199999999999
HUANCAVELICA,CHURCAMPA,TOTAL DE VOTOS EMITIDOS,4777,100,2021-06-08T00:54:00Z,94.10199999999999
HUANUCO,HUANUCO,TOTAL DE VOTOS VÁLIDOS,156369,92.62799999999999,2021-06-08T00:54:00Z,94.10199999999999
HUANUCO,HUANUCO,VOTOS EN BLANCO,1264,0.749,2021-06-08T00:54:00Z,94.10199999999999
HUANUCO,HUANUCO,VOTOS NULOS,11181,6.622999999999999,2021-06-08T00:54:00Z,94.10199999999999
HUANUCO,HUANUCO,TOTAL DE VOTOS EMITIDOS,168814,100,2021-06-08T00:54:00Z,94.10199999999999
HUANUCO,AMBO,TOTAL DE VOTOS VÁLIDOS,28155,92.94200000000001,2021-06-08T00:54:00Z,94.10199999999999
HUANUCO,AMBO,VOTOS EN BLANCO,337,1.112,2021-06-08T00:54:00Z,94.10199999999999
HUANUCO,AMBO,VOTOS NULOS,1801,5.945,2021-06-08T00:54:00Z,94.10199999999999
HUANUCO,AMBO,TOTAL DE VOTOS EMITIDOS,30293,100,2021-06-08T00:54:00Z,94.10199999999999
HUANUCO,DOS DE MAYO,TOTAL DE VOTOS VÁLIDOS,16538,93.94500000000001,2021-06-08T00:54:00Z,94.10199999999999
HUANUCO,DOS DE MAYO,VOTOS EN BLANCO,225,1.278,2021-06-08T00:54:00Z,94.10199999999999
HUANUCO,DOS DE MAYO,VOTOS NULOS,841,4.777,2021-06-08T00:54:00Z,94.10199999999999
HUANUCO,DOS DE MAYO,TOTAL DE VOTOS EMITIDOS,17604,100,2021-06-08T00:54:00Z,94.10199999999999
HUANUCO,HUAMALIES,TOTAL DE VOTOS VÁLIDOS,25243,93.694,2021-06-08T00:54:00Z,94.10199999999999
HUANUCO,HUAMALIES,VOTOS EN BLANCO,361,1.34,2021-06-08T00:54:00Z,94.10199999999999
HUANUCO,HUAMALIES,VOTOS NULOS,1338,4.966,2021-06-08T00:54:00Z,94.10199999999999
HUANUCO,HUAMALIES,TOTAL DE VOTOS EMITIDOS,26942,100,2021-06-08T00:54:00Z,94.10199999999999
HUANUCO,MARAÑON,TOTAL DE VOTOS VÁLIDOS,12194,92.68799999999999,2021-06-08T00:54:00Z,94.10199999999999
HUANUCO,MARAÑON,VOTOS EN BLANCO,205,1.558,2021-06-08T00:54:00Z,94.10199999999999
HUANUCO,MARAÑON,VOTOS NULOS,757,5.754,2021-06-08T00:54:00Z,94.10199999999999
HUANUCO,MARAÑON,TOTAL DE VOTOS EMITIDOS,13156,100,2021-06-08T00:54:00Z,94.10199999999999
HUANUCO,LEONCIO PRADO,TOTAL DE VOTOS VÁLIDOS,67029,93.225,2021-06-08T00:54:00Z,94.10199999999999
HUANUCO,LEONCIO PRADO,VOTOS EN BLANCO,650,0.904,2021-06-08T00:54:00Z,94.10199999999999
HUANUCO,LEONCIO PRADO,VOTOS NULOS,4221,5.871,2021-06-08T00:54:00Z,94.10199999999999
HUANUCO,LEONCIO PRADO,TOTAL DE VOTOS EMITIDOS,71900,100,2021-06-08T00:54:00Z,94.10199999999999
HUANUCO,PACHITEA,TOTAL DE VOTOS VÁLIDOS,24849,92.98700000000001,2021-06-08T00:54:00Z,94.10199999999999
HUANUCO,PACHITEA,VOTOS EN BLANCO,298,1.115,2021-06-08T00:54:00Z,94.10199999999999
HUANUCO,PACHITEA,VOTOS NULOS,1576,5.898,2021-06-08T00:54:00Z,94.10199999999999
HUANUCO,PACHITEA,TOTAL DE VOTOS EMITIDOS,26723,100,2021-06-08T00:54:00Z,94.10199999999999
HUANUCO,PUERTO INCA,TOTAL DE VOTOS VÁLIDOS,14903,92.62899999999999,2021-06-08T00:54:00Z,94.10199999999999
HUANUCO,PUERTO INCA,VOTOS EN BLANCO,187,1.1620000000000001,2021-06-08T00:54:00Z,94.10199999999999
HUANUCO,PUERTO INCA,VOTOS NULOS,999,6.2090000000000005,2021-06-08T00:54:00Z,94.10199999999999
HUANUCO,PUERTO INCA,TOTAL DE VOTOS EMITIDOS,16089,100,2021-06-08T00:54:00Z,94.10199999999999
HUANUCO,HUACAYBAMBA,TOTAL DE VOTOS VÁLIDOS,6810,92.239,2021-06-08T00:54:00Z,94.10199999999999
HUANUCO,HUACAYBAMBA,VOTOS EN BLANCO,162,2.194,2021-06-08T00:54:00Z,94.10199999999999
HUANUCO,HUACAYBAMBA,VOTOS NULOS,411,5.566999999999999,2021-06-08T00:54:00Z,94.10199999999999
HUANUCO,HUACAYBAMBA,TOTAL DE VOTOS EMITIDOS,7383,100,2021-06-08T00:54:00Z,94.10199999999999
HUANUCO,LAURICOCHA,TOTAL DE VOTOS VÁLIDOS,10354,95.959,2021-06-08T00:54:00Z,94.10199999999999
HUANUCO,LAURICOCHA,VOTOS EN BLANCO,70,0.649,2021-06-08T00:54:00Z,94.10199999999999
HUANUCO,LAURICOCHA,VOTOS NULOS,366,3.3919999999999995,2021-06-08T00:54:00Z,94.10199999999999
HUANUCO,LAURICOCHA,TOTAL DE VOTOS EMITIDOS,10790,100,2021-06-08T00:54:00Z,94.10199999999999
HUANUCO,YAROWILCA,TOTAL DE VOTOS VÁLIDOS,13868,95.60199999999999,2021-06-08T00:54:00Z,94.10199999999999
HUANUCO,YAROWILCA,VOTOS EN BLANCO,131,0.903,2021-06-08T00:54:00Z,94.10199999999999
HUANUCO,YAROWILCA,VOTOS NULOS,507,3.4949999999999997,2021-06-08T00:54:00Z,94.10199999999999
HUANUCO,YAROWILCA,TOTAL DE VOTOS EMITIDOS,14506,100,2021-06-08T00:54:00Z,94.10199999999999
ICA,ICA,TOTAL DE VOTOS VÁLIDOS,223891,94.909,2021-06-08T00:54:00Z,94.10199999999999
ICA,ICA,VOTOS EN BLANCO,1232,0.522,2021-06-08T00:54:00Z,94.10199999999999
ICA,ICA,VOTOS NULOS,10778,4.569,2021-06-08T00:54:00Z,94.10199999999999
ICA,ICA,TOTAL DE VOTOS EMITIDOS,235901,100,2021-06-08T00:54:00Z,94.10199999999999
ICA,CHINCHA,TOTAL DE VOTOS VÁLIDOS,129423,93.725,2021-06-08T00:54:00Z,94.10199999999999
ICA,CHINCHA,VOTOS EN BLANCO,965,0.699,2021-06-08T00:54:00Z,94.10199999999999
ICA,CHINCHA,VOTOS NULOS,7700,5.5760000000000005,2021-06-08T00:54:00Z,94.10199999999999
ICA,CHINCHA,TOTAL DE VOTOS EMITIDOS,138088,100,2021-06-08T00:54:00Z,94.10199999999999
ICA,NAZCA,TOTAL DE VOTOS VÁLIDOS,40546,95.27499999999999,2021-06-08T00:54:00Z,94.10199999999999
ICA,NAZCA,VOTOS EN BLANCO,259,0.609,2021-06-08T00:54:00Z,94.10199999999999
ICA,NAZCA,VOTOS NULOS,1752,4.116999999999999,2021-06-08T00:54:00Z,94.10199999999999
ICA,NAZCA,TOTAL DE VOTOS EMITIDOS,42557,100,2021-06-08T00:54:00Z,94.10199999999999
ICA,PISCO,TOTAL DE VOTOS VÁLIDOS,85500,94.273,2021-06-08T00:54:00Z,94.10199999999999
ICA,PISCO,VOTOS EN BLANCO,646,0.712,2021-06-08T00:54:00Z,94.10199999999999
ICA,PISCO,VOTOS NULOS,4548,5.015,2021-06-08T00:54:00Z,94.10199999999999
ICA,PISCO,TOTAL DE VOTOS EMITIDOS,90694,100,2021-06-08T00:54:00Z,94.10199999999999
ICA,PALPA,TOTAL DE VOTOS VÁLIDOS,8533,96.146,2021-06-08T00:54:00Z,94.10199999999999
ICA,PALPA,VOTOS EN BLANCO,47,0.53,2021-06-08T00:54:00Z,94.10199999999999
ICA,PALPA,VOTOS NULOS,295,3.324,2021-06-08T00:54:00Z,94.10199999999999
ICA,PALPA,TOTAL DE VOTOS EMITIDOS,8875,100,2021-06-08T00:54:00Z,94.10199999999999
JUNIN,HUANCAYO,TOTAL DE VOTOS VÁLIDOS,311602,93.787,2021-06-08T00:54:00Z,94.10199999999999
JUNIN,HUANCAYO,VOTOS EN BLANCO,1775,0.534,2021-06-08T00:54:00Z,94.10199999999999
JUNIN,HUANCAYO,VOTOS NULOS,18868,5.679,2021-06-08T00:54:00Z,94.10199999999999
JUNIN,HUANCAYO,TOTAL DE VOTOS EMITIDOS,332245,100,2021-06-08T00:54:00Z,94.10199999999999
JUNIN,CONCEPCION,TOTAL DE VOTOS VÁLIDOS,31556,93.574,2021-06-08T00:54:00Z,94.10199999999999
JUNIN,CONCEPCION,VOTOS EN BLANCO,364,1.079,2021-06-08T00:54:00Z,94.10199999999999
JUNIN,CONCEPCION,VOTOS NULOS,1803,5.346,2021-06-08T00:54:00Z,94.10199999999999
JUNIN,CONCEPCION,TOTAL DE VOTOS EMITIDOS,33723,100,2021-06-08T00:54:00Z,94.10199999999999
JUNIN,JAUJA,TOTAL DE VOTOS VÁLIDOS,47645,92.90100000000001,2021-06-08T00:54:00Z,94.10199999999999
JUNIN,JAUJA,VOTOS EN BLANCO,438,0.8540000000000001,2021-06-08T00:54:00Z,94.10199999999999
JUNIN,JAUJA,VOTOS NULOS,3203,6.245,2021-06-08T00:54:00Z,94.10199999999999
JUNIN,JAUJA,TOTAL DE VOTOS EMITIDOS,51286,100,2021-06-08T00:54:00Z,94.10199999999999
JUNIN,JUNIN,TOTAL DE VOTOS VÁLIDOS,11600,92.755,2021-06-08T00:54:00Z,94.10199999999999
JUNIN,JUNIN,VOTOS EN BLANCO,136,1.087,2021-06-08T00:54:00Z,94.10199999999999
JUNIN,JUNIN,VOTOS NULOS,770,6.156999999999999,2021-06-08T00:54:00Z,94.10199999999999
JUNIN,JUNIN,TOTAL DE VOTOS EMITIDOS,12506,100,2021-06-08T00:54:00Z,94.10199999999999
JUNIN,TARMA,TOTAL DE VOTOS VÁLIDOS,50295,92.989,2021-06-08T00:54:00Z,94.10199999999999
JUNIN,TARMA,VOTOS EN BLANCO,395,0.73,2021-06-08T00:54:00Z,94.10199999999999
JUNIN,TARMA,VOTOS NULOS,3397,6.281000000000001,2021-06-08T00:54:00Z,94.10199999999999
JUNIN,TARMA,TOTAL DE VOTOS EMITIDOS,54087,100,2021-06-08T00:54:00Z,94.10199999999999
JUNIN,YAULI,TOTAL DE VOTOS VÁLIDOS,18869,93.77799999999999,2021-06-08T00:54:00Z,94.10199999999999
JUNIN,YAULI,VOTOS EN BLANCO,111,0.552,2021-06-08T00:54:00Z,94.10199999999999
JUNIN,YAULI,VOTOS NULOS,1141,5.671,2021-06-08T00:54:00Z,94.10199999999999
JUNIN,YAULI,TOTAL DE VOTOS EMITIDOS,20121,100,2021-06-08T00:54:00Z,94.10199999999999
JUNIN,SATIPO,TOTAL DE VOTOS VÁLIDOS,76522,92.663,2021-06-08T00:54:00Z,94.10199999999999
JUNIN,SATIPO,VOTOS EN BLANCO,881,1.067,2021-06-08T00:54:00Z,94.10199999999999
JUNIN,SATIPO,VOTOS NULOS,5178,6.2700000000000005,2021-06-08T00:54:00Z,94.10199999999999
JUNIN,SATIPO,TOTAL DE VOTOS EMITIDOS,82581,100,2021-06-08T00:54:00Z,94.10199999999999
JUNIN,CHANCHAMAYO,TOTAL DE VOTOS VÁLIDOS,81410,93.142,2021-06-08T00:54:00Z,94.10199999999999
JUNIN,CHANCHAMAYO,VOTOS EN BLANCO,739,0.8450000000000001,2021-06-08T00:54:00Z,94.10199999999999
JUNIN,CHANCHAMAYO,VOTOS NULOS,5255,6.012,2021-06-08T00:54:00Z,94.10199999999999
JUNIN,CHANCHAMAYO,TOTAL DE VOTOS EMITIDOS,87404,100,2021-06-08T00:54:00Z,94.10199999999999
JUNIN,CHUPACA,TOTAL DE VOTOS VÁLIDOS,34650,94.281,2021-06-08T00:54:00Z,94.10199999999999
JUNIN,CHUPACA,VOTOS EN BLANCO,280,0.762,2021-06-08T00:54:00Z,94.10199999999999
JUNIN,CHUPACA,VOTOS NULOS,1822,4.958,2021-06-08T00:54:00Z,94.10199999999999
JUNIN,CHUPACA,TOTAL DE VOTOS EMITIDOS,36752,100,2021-06-08T00:54:00Z,94.10199999999999
LA LIBERTAD,TRUJILLO,TOTAL DE VOTOS VÁLIDOS,554277,92.76700000000001,2021-06-08T00:54:00Z,94.10199999999999
LA LIBERTAD,TRUJILLO,VOTOS EN BLANCO,2305,0.386,2021-06-08T00:54:00Z,94.10199999999999
LA LIBERTAD,TRUJILLO,VOTOS NULOS,40909,6.8469999999999995,2021-06-08T00:54:00Z,94.10199999999999
LA LIBERTAD,TRUJILLO,TOTAL DE VOTOS EMITIDOS,597491,100,2021-06-08T00:54:00Z,94.10199999999999
LA LIBERTAD,BOLIVAR,TOTAL DE VOTOS VÁLIDOS,5531,94.01700000000001,2021-06-08T00:54:00Z,94.10199999999999
LA LIBERTAD,BOLIVAR,VOTOS EN BLANCO,91,1.547,2021-06-08T00:54:00Z,94.10199999999999
LA LIBERTAD,BOLIVAR,VOTOS NULOS,261,4.437,2021-06-08T00:54:00Z,94.10199999999999
LA LIBERTAD,BOLIVAR,TOTAL DE VOTOS EMITIDOS,5883,100,2021-06-08T00:54:00Z,94.10199999999999
LA LIBERTAD,SANCHEZ CARRION,TOTAL DE VOTOS VÁLIDOS,65761,89.998,2021-06-08T00:54:00Z,94.10199999999999
LA LIBERTAD,SANCHEZ CARRION,VOTOS EN BLANCO,1272,1.7409999999999999,2021-06-08T00:54:00Z,94.10199999999999
LA LIBERTAD,SANCHEZ CARRION,VOTOS NULOS,6036,8.261,2021-06-08T00:54:00Z,94.10199999999999
LA LIBERTAD,SANCHEZ CARRION,TOTAL DE VOTOS EMITIDOS,73069,100,2021-06-08T00:54:00Z,94.10199999999999
LA LIBERTAD,OTUZCO,TOTAL DE VOTOS VÁLIDOS,43419,91.21600000000001,2021-06-08T00:54:00Z,94.10199999999999
LA LIBERTAD,OTUZCO,VOTOS EN BLANCO,701,1.4729999999999999,2021-06-08T00:54:00Z,94.10199999999999
LA LIBERTAD,OTUZCO,VOTOS NULOS,3480,7.311,2021-06-08T00:54:00Z,94.10199999999999
LA LIBERTAD,OTUZCO,TOTAL DE VOTOS EMITIDOS,47600,100,2021-06-08T00:54:00Z,94.10199999999999
LA LIBERTAD,PACASMAYO,TOTAL DE VOTOS VÁLIDOS,55188,92.43400000000001,2021-06-08T00:54:00Z,94.10199999999999
LA LIBERTAD,PACASMAYO,VOTOS EN BLANCO,504,0.8440000000000001,2021-06-08T00:54:00Z,94.10199999999999
LA LIBERTAD,PACASMAYO,VOTOS NULOS,4013,6.721,2021-06-08T00:54:00Z,94.10199999999999
LA LIBERTAD,PACASMAYO,TOTAL DE VOTOS EMITIDOS,59705,100,2021-06-08T00:54:00Z,94.10199999999999
LA LIBERTAD,PATAZ,TOTAL DE VOTOS VÁLIDOS,30066,91.23100000000001,2021-06-08T00:54:00Z,94.10199999999999
LA LIBERTAD,PATAZ,VOTOS EN BLANCO,722,2.191,2021-06-08T00:54:00Z,94.10199999999999
LA LIBERTAD,PATAZ,VOTOS NULOS,2168,6.578,2021-06-08T00:54:00Z,94.10199999999999
LA LIBERTAD,PATAZ,TOTAL DE VOTOS EMITIDOS,32956,100,2021-06-08T00:54:00Z,94.10199999999999
LA LIBERTAD,SANTIAGO DE CHUCO,TOTAL DE VOTOS VÁLIDOS,24103,91.67099999999999,2021-06-08T00:54:00Z,94.10199999999999
LA LIBERTAD,SANTIAGO DE CHUCO,VOTOS EN BLANCO,380,1.4449999999999998,2021-06-08T00:54:00Z,94.10199999999999
LA LIBERTAD,SANTIAGO DE CHUCO,VOTOS NULOS,1810,6.8839999999999995,2021-06-08T00:54:00Z,94.10199999999999
LA LIBERTAD,SANTIAGO DE CHUCO,TOTAL DE VOTOS EMITIDOS,26293,100,2021-06-08T00:54:00Z,94.10199999999999
LA LIBERTAD,ASCOPE,TOTAL DE VOTOS VÁLIDOS,68161,93.54,2021-06-08T00:54:00Z,94.10199999999999
LA LIBERTAD,ASCOPE,VOTOS EN BLANCO,414,0.5680000000000001,2021-06-08T00:54:00Z,94.10199999999999
LA LIBERTAD,ASCOPE,VOTOS NULOS,4293,5.891,2021-06-08T00:54:00Z,94.10199999999999
LA LIBERTAD,ASCOPE,TOTAL DE VOTOS EMITIDOS,72868,100,2021-06-08T00:54:00Z,94.10199999999999
LA LIBERTAD,CHEPEN,TOTAL DE VOTOS VÁLIDOS,45537,93.113,2021-06-08T00:54:00Z,94.10199999999999
LA LIBERTAD,CHEPEN,VOTOS EN BLANCO,350,0.716,2021-06-08T00:54:00Z,94.10199999999999
LA LIBERTAD,CHEPEN,VOTOS NULOS,3018,6.171,2021-06-08T00:54:00Z,94.10199999999999
LA LIBERTAD,CHEPEN,TOTAL DE VOTOS EMITIDOS,48905,100,2021-06-08T00:54:00Z,94.10199999999999
LA LIBERTAD,JULCAN,TOTAL DE VOTOS VÁLIDOS,15175,92.723,2021-06-08T00:54:00Z,94.10199999999999
LA LIBERTAD,JULCAN,VOTOS EN BLANCO,235,1.436,2021-06-08T00:54:00Z,94.10199999999999
LA LIBERTAD,JULCAN,VOTOS NULOS,956,5.841,2021-06-08T00:54:00Z,94.10199999999999
LA LIBERTAD,JULCAN,TOTAL DE VOTOS EMITIDOS,16366,100,2021-06-08T00:54:00Z,94.10199999999999
LA LIBERTAD,GRAN CHIMU,TOTAL DE VOTOS VÁLIDOS,12925,91.563,2021-06-08T00:54:00Z,94.10199999999999
LA LIBERTAD,GRAN CHIMU,VOTOS EN BLANCO,154,1.091,2021-06-08T00:54:00Z,94.10199999999999
LA LIBERTAD,GRAN CHIMU,VOTOS NULOS,1037,7.346,2021-06-08T00:54:00Z,94.10199999999999
LA LIBERTAD,GRAN CHIMU,TOTAL DE VOTOS EMITIDOS,14116,100,2021-06-08T00:54:00Z,94.10199999999999
LA LIBERTAD,VIRU,TOTAL DE VOTOS VÁLIDOS,48627,91.531,2021-06-08T00:54:00Z,94.10199999999999
LA LIBERTAD,VIRU,VOTOS EN BLANCO,510,0.96,2021-06-08T00:54:00Z,94.10199999999999
LA LIBERTAD,VIRU,VOTOS NULOS,3989,7.509,2021-06-08T00:54:00Z,94.10199999999999
LA LIBERTAD,VIRU,TOTAL DE VOTOS EMITIDOS,53126,100,2021-06-08T00:54:00Z,94.10199999999999
LAMBAYEQUE,CHICLAYO,TOTAL DE VOTOS VÁLIDOS,471045,92.739,2021-06-08T00:54:00Z,94.10199999999999
LAMBAYEQUE,CHICLAYO,VOTOS EN BLANCO,2579,0.508,2021-06-08T00:54:00Z,94.10199999999999
LAMBAYEQUE,CHICLAYO,VOTOS NULOS,34304,6.754,2021-06-08T00:54:00Z,94.10199999999999
LAMBAYEQUE,CHICLAYO,TOTAL DE VOTOS EMITIDOS,507928,100,2021-06-08T00:54:00Z,94.10199999999999
LAMBAYEQUE,FERREÑAFE,TOTAL DE VOTOS VÁLIDOS,51673,92.835,2021-06-08T00:54:00Z,94.10199999999999
LAMBAYEQUE,FERREÑAFE,VOTOS EN BLANCO,603,1.083,2021-06-08T00:54:00Z,94.10199999999999
LAMBAYEQUE,FERREÑAFE,VOTOS NULOS,3385,6.081,2021-06-08T00:54:00Z,94.10199999999999
LAMBAYEQUE,FERREÑAFE,TOTAL DE VOTOS EMITIDOS,55661,100,2021-06-08T00:54:00Z,94.10199999999999
LAMBAYEQUE,LAMBAYEQUE,TOTAL DE VOTOS VÁLIDOS,166908,93.458,2021-06-08T00:54:00Z,94.10199999999999
LAMBAYEQUE,LAMBAYEQUE,VOTOS EN BLANCO,1785,0.999,2021-06-08T00:54:00Z,94.10199999999999
LAMBAYEQUE,LAMBAYEQUE,VOTOS NULOS,9899,5.543,2021-06-08T00:54:00Z,94.10199999999999
LAMBAYEQUE,LAMBAYEQUE,TOTAL DE VOTOS EMITIDOS,178592,100,2021-06-08T00:54:00Z,94.10199999999999
LIMA,LIMA,TOTAL DE VOTOS VÁLIDOS,5538895,93.98400000000001,2021-06-08T00:54:00Z,94.10199999999999
LIMA,LIMA,VOTOS EN BLANCO,27893,0.47300000000000003,2021-06-08T00:54:00Z,94.10199999999999
LIMA,LIMA,VOTOS NULOS,326626,5.542,2021-06-08T00:54:00Z,94.10199999999999
LIMA,LIMA,TOTAL DE VOTOS EMITIDOS,5893414,100,2021-06-08T00:54:00Z,94.10199999999999
LIMA,CAJATAMBO,TOTAL DE VOTOS VÁLIDOS,3186,93.18499999999999,2021-06-08T00:54:00Z,94.10199999999999
LIMA,CAJATAMBO,VOTOS EN BLANCO,41,1.199,2021-06-08T00:54:00Z,94.10199999999999
LIMA,CAJATAMBO,VOTOS NULOS,192,5.616,2021-06-08T00:54:00Z,94.10199999999999
LIMA,CAJATAMBO,TOTAL DE VOTOS EMITIDOS,3419,100,2021-06-08T00:54:00Z,94.10199999999999
LIMA,CANTA,TOTAL DE VOTOS VÁLIDOS,8243,95.119,2021-06-08T00:54:00Z,94.10199999999999
LIMA,CANTA,VOTOS EN BLANCO,80,0.923,2021-06-08T00:54:00Z,94.10199999999999
LIMA,CANTA,VOTOS NULOS,343,3.9579999999999997,2021-06-08T00:54:00Z,94.10199999999999
LIMA,CANTA,TOTAL DE VOTOS EMITIDOS,8666,100,2021-06-08T00:54:00Z,94.10199999999999
LIMA,CAÑETE,TOTAL DE VOTOS VÁLIDOS,136845,94.43400000000001,2021-06-08T00:54:00Z,94.10199999999999
LIMA,CAÑETE,VOTOS EN BLANCO,1019,0.703,2021-06-08T00:54:00Z,94.10199999999999
LIMA,CAÑETE,VOTOS NULOS,7047,4.8629999999999995,2021-06-08T00:54:00Z,94.10199999999999
LIMA,CAÑETE,TOTAL DE VOTOS EMITIDOS,144911,100,2021-06-08T00:54:00Z,94.10199999999999
LIMA,HUAURA,TOTAL DE VOTOS VÁLIDOS,126747,93.584,2021-06-08T00:54:00Z,94.10199999999999
LIMA,HUAURA,VOTOS EN BLANCO,911,0.6729999999999999,2021-06-08T00:54:00Z,94.10199999999999
LIMA,HUAURA,VOTOS NULOS,7778,5.743,2021-06-08T00:54:00Z,94.10199999999999
LIMA,HUAURA,TOTAL DE VOTOS EMITIDOS,135436,100,2021-06-08T00:54:00Z,94.10199999999999
LIMA,HUAROCHIRI,TOTAL DE VOTOS VÁLIDOS,62679,94.604,2021-06-08T00:54:00Z,94.10199999999999
LIMA,HUAROCHIRI,VOTOS EN BLANCO,379,0.5720000000000001,2021-06-08T00:54:00Z,94.10199999999999
LIMA,HUAROCHIRI,VOTOS NULOS,3196,4.823999999999999,2021-06-08T00:54:00Z,94.10199999999999
LIMA,HUAROCHIRI,TOTAL DE VOTOS EMITIDOS,66254,100,2021-06-08T00:54:00Z,94.10199999999999
LIMA,YAUYOS,TOTAL DE VOTOS VÁLIDOS,12896,95.31400000000001,2021-06-08T00:54:00Z,94.10199999999999
LIMA,YAUYOS,VOTOS EN BLANCO,127,0.9390000000000001,2021-06-08T00:54:00Z,94.10199999999999
LIMA,YAUYOS,VOTOS NULOS,507,3.7470000000000003,2021-06-08T00:54:00Z,94.10199999999999
LIMA,YAUYOS,TOTAL DE VOTOS EMITIDOS,13530,100,2021-06-08T00:54:00Z,94.10199999999999
LIMA,HUARAL,TOTAL DE VOTOS VÁLIDOS,108283,92.96900000000001,2021-06-08T00:54:00Z,94.10199999999999
LIMA,HUARAL,VOTOS EN BLANCO,826,0.709,2021-06-08T00:54:00Z,94.10199999999999
LIMA,HUARAL,VOTOS NULOS,7363,6.321999999999999,2021-06-08T00:54:00Z,94.10199999999999
LIMA,HUARAL,TOTAL DE VOTOS EMITIDOS,116472,100,2021-06-08T00:54:00Z,94.10199999999999
LIMA,BARRANCA,TOTAL DE VOTOS VÁLIDOS,81744,93.471,2021-06-08T00:54:00Z,94.10199999999999
LIMA,BARRANCA,VOTOS EN BLANCO,594,0.6789999999999999,2021-06-08T00:54:00Z,94.10199999999999
LIMA,BARRANCA,VOTOS NULOS,5116,5.85,2021-06-08T00:54:00Z,94.10199999999999
LIMA,BARRANCA,TOTAL DE VOTOS EMITIDOS,87454,100,2021-06-08T00:54:00Z,94.10199999999999
LIMA,OYON,TOTAL DE VOTOS VÁLIDOS,7982,94.68599999999999,2021-06-08T00:54:00Z,94.10199999999999
LIMA,OYON,VOTOS EN BLANCO,93,1.103,2021-06-08T00:54:00Z,94.10199999999999
LIMA,OYON,VOTOS NULOS,355,4.211,2021-06-08T00:54:00Z,94.10199999999999
LIMA,OYON,TOTAL DE VOTOS EMITIDOS,8430,100,2021-06-08T00:54:00Z,94.10199999999999
LORETO,MAYNAS,TOTAL DE VOTOS VÁLIDOS,225118,92.958,2021-06-08T00:54:00Z,94.10199999999999
LORETO,MAYNAS,VOTOS EN BLANCO,1679,0.693,2021-06-08T00:54:00Z,94.10199999999999
LORETO,MAYNAS,VOTOS NULOS,15375,6.349,2021-06-08T00:54:00Z,94.10199999999999
LORETO,MAYNAS,TOTAL DE VOTOS EMITIDOS,242172,100,2021-06-08T00:54:00Z,94.10199999999999
LORETO,ALTO AMAZONAS,TOTAL DE VOTOS VÁLIDOS,51735,93.76700000000001,2021-06-08T00:54:00Z,94.10199999999999
LORETO,ALTO AMAZONAS,VOTOS EN BLANCO,490,0.888,2021-06-08T00:54:00Z,94.10199999999999
LORETO,ALTO AMAZONAS,VOTOS NULOS,2949,5.345,2021-06-08T00:54:00Z,94.10199999999999
LORETO,ALTO AMAZONAS,TOTAL DE VOTOS EMITIDOS,55174,100,2021-06-08T00:54:00Z,94.10199999999999
LORETO,LORETO,TOTAL DE VOTOS VÁLIDOS,24023,94.4,2021-06-08T00:54:00Z,94.10199999999999
LORETO,LORETO,VOTOS EN BLANCO,277,1.088,2021-06-08T00:54:00Z,94.10199999999999
LORETO,LORETO,VOTOS NULOS,1148,4.511,2021-06-08T00:54:00Z,94.10199999999999
LORETO,LORETO,TOTAL DE VOTOS EMITIDOS,25448,100,2021-06-08T00:54:00Z,94.10199999999999
LORETO,REQUENA,TOTAL DE VOTOS VÁLIDOS,23419,95.76400000000001,2021-06-08T00:54:00Z,94.10199999999999
LORETO,REQUENA,VOTOS EN BLANCO,195,0.7969999999999999,2021-06-08T00:54:00Z,94.10199999999999
LORETO,REQUENA,VOTOS NULOS,841,3.4389999999999996,2021-06-08T00:54:00Z,94.10199999999999
LORETO,REQUENA,TOTAL DE VOTOS EMITIDOS,24455,100,2021-06-08T00:54:00Z,94.10199999999999
LORETO,UCAYALI,TOTAL DE VOTOS VÁLIDOS,21963,95.21400000000001,2021-06-08T00:54:00Z,94.10199999999999
LORETO,UCAYALI,VOTOS EN BLANCO,201,0.8710000000000001,2021-06-08T00:54:00Z,94.10199999999999
LORETO,UCAYALI,VOTOS NULOS,903,3.9149999999999996,2021-06-08T00:54:00Z,94.10199999999999
LORETO,UCAYALI,TOTAL DE VOTOS EMITIDOS,23067,100,2021-06-08T00:54:00Z,94.10199999999999
LORETO,MARISCAL RAMON CASTILLA,TOTAL DE VOTOS VÁLIDOS,19140,86.41900000000001,2021-06-08T00:54:00Z,94.10199999999999
LORETO,MARISCAL RAMON CASTILLA,VOTOS EN BLANCO,337,1.522,2021-06-08T00:54:00Z,94.10199999999999
LORETO,MARISCAL RAMON CASTILLA,VOTOS NULOS,2671,12.06,2021-06-08T00:54:00Z,94.10199999999999
LORETO,MARISCAL RAMON CASTILLA,TOTAL DE VOTOS EMITIDOS,22148,100,2021-06-08T00:54:00Z,94.10199999999999
LORETO,DATEM DEL MARAÑON,TOTAL DE VOTOS VÁLIDOS,804,94.145,2021-06-08T00:54:00Z,94.10199999999999
LORETO,DATEM DEL MARAÑON,VOTOS EN BLANCO,6,0.703,2021-06-08T00:54:00Z,94.10199999999999
LORETO,DATEM DEL MARAÑON,VOTOS NULOS,44,5.151999999999999,2021-06-08T00:54:00Z,94.10199999999999
LORETO,DATEM DEL MARAÑON,TOTAL DE VOTOS EMITIDOS,854,100,2021-06-08T00:54:00Z,94.10199999999999
LORETO,PUTUMAYO,TOTAL DE VOTOS VÁLIDOS,1637,97.209,2021-06-08T00:54:00Z,94.10199999999999
LORETO,PUTUMAYO,VOTOS EN BLANCO,13,0.772,2021-06-08T00:54:00Z,94.10199999999999
LORETO,PUTUMAYO,VOTOS NULOS,34,2.0189999999999997,2021-06-08T00:54:00Z,94.10199999999999
LORETO,PUTUMAYO,TOTAL DE VOTOS EMITIDOS,1684,100,2021-06-08T00:54:00Z,94.10199999999999
MADRE DE DIOS,TAMBOPATA,TOTAL DE VOTOS VÁLIDOS,67117,94.551,2021-06-08T00:54:00Z,94.10199999999999
MADRE DE DIOS,TAMBOPATA,VOTOS EN BLANCO,436,0.614,2021-06-08T00:54:00Z,94.10199999999999
MADRE DE DIOS,TAMBOPATA,VOTOS NULOS,3432,4.835,2021-06-08T00:54:00Z,94.10199999999999
MADRE DE DIOS,TAMBOPATA,TOTAL DE VOTOS EMITIDOS,70985,100,2021-06-08T00:54:00Z,94.10199999999999
MADRE DE DIOS,MANU,TOTAL DE VOTOS VÁLIDOS,2589,96.604,2021-06-08T00:54:00Z,94.10199999999999
MADRE DE DIOS,MANU,VOTOS EN BLANCO,6,0.224,2021-06-08T00:54:00Z,94.10199999999999
MADRE DE DIOS,MANU,VOTOS NULOS,85,3.1719999999999997,2021-06-08T00:54:00Z,94.10199999999999
MADRE DE DIOS,MANU,TOTAL DE VOTOS EMITIDOS,2680,100,2021-06-08T00:54:00Z,94.10199999999999
MADRE DE DIOS,TAHUAMANU,TOTAL DE VOTOS VÁLIDOS,5159,90.7,2021-06-08T00:54:00Z,94.10199999999999
MADRE DE DIOS,TAHUAMANU,VOTOS EN BLANCO,50,0.8790000000000001,2021-06-08T00:54:00Z,94.10199999999999
MADRE DE DIOS,TAHUAMANU,VOTOS NULOS,479,8.421,2021-06-08T00:54:00Z,94.10199999999999
MADRE DE DIOS,TAHUAMANU,TOTAL DE VOTOS EMITIDOS,5688,100,2021-06-08T00:54:00Z,94.10199999999999
MOQUEGUA,MARISCAL NIETO,TOTAL DE VOTOS VÁLIDOS,53627,94.893,2021-06-08T00:54:00Z,94.10199999999999
MOQUEGUA,MARISCAL NIETO,VOTOS EN BLANCO,269,0.47600000000000003,2021-06-08T00:54:00Z,94.10199999999999
MOQUEGUA,MARISCAL NIETO,VOTOS NULOS,2617,4.631,2021-06-08T00:54:00Z,94.10199999999999
MOQUEGUA,MARISCAL NIETO,TOTAL DE VOTOS EMITIDOS,56513,100,2021-06-08T00:54:00Z,94.10199999999999
MOQUEGUA,GENERAL SANCHEZ CERRO,TOTAL DE VOTOS VÁLIDOS,9076,96.24600000000001,2021-06-08T00:54:00Z,94.10199999999999
MOQUEGUA,GENERAL SANCHEZ CERRO,VOTOS EN BLANCO,50,0.53,2021-06-08T00:54:00Z,94.10199999999999
MOQUEGUA,GENERAL SANCHEZ CERRO,VOTOS NULOS,304,3.224,2021-06-08T00:54:00Z,94.10199999999999
MOQUEGUA,GENERAL SANCHEZ CERRO,TOTAL DE VOTOS EMITIDOS,9430,100,2021-06-08T00:54:00Z,94.10199999999999
MOQUEGUA,ILO,TOTAL DE VOTOS VÁLIDOS,46739,94.124,2021-06-08T00:54:00Z,94.10199999999999
MOQUEGUA,ILO,VOTOS EN BLANCO,310,0.624,2021-06-08T00:54:00Z,94.10199999999999
MOQUEGUA,ILO,VOTOS NULOS,2608,5.252,2021-06-08T00:54:00Z,94.10199999999999
MOQUEGUA,ILO,TOTAL DE VOTOS EMITIDOS,49657,100,2021-06-08T00:54:00Z,94.10199999999999
PASCO,PASCO,TOTAL DE VOTOS VÁLIDOS,67583,94.034,2021-06-08T00:54:00Z,94.10199999999999
PASCO,PASCO,VOTOS EN BLANCO,454,0.632,2021-06-08T00:54:00Z,94.10199999999999
PASCO,PASCO,VOTOS NULOS,3834,5.335,2021-06-08T00:54:00Z,94.10199999999999
PASCO,PASCO,TOTAL DE VOTOS EMITIDOS,71871,100,2021-06-08T00:54:00Z,94.10199999999999
PASCO,DANIEL ALCIDES CARRION,TOTAL DE VOTOS VÁLIDOS,14975,94.91100000000002,2021-06-08T00:54:00Z,94.10199999999999
PASCO,DANIEL ALCIDES CARRION,VOTOS EN BLANCO,122,0.773,2021-06-08T00:54:00Z,94.10199999999999
PASCO,DANIEL ALCIDES CARRION,VOTOS NULOS,681,4.316,2021-06-08T00:54:00Z,94.10199999999999
PASCO,DANIEL ALCIDES CARRION,TOTAL DE VOTOS EMITIDOS,15778,100,2021-06-08T00:54:00Z,94.10199999999999
PASCO,OXAPAMPA,TOTAL DE VOTOS VÁLIDOS,43635,93.531,2021-06-08T00:54:00Z,94.10199999999999
PASCO,OXAPAMPA,VOTOS EN BLANCO,439,0.9410000000000001,2021-06-08T00:54:00Z,94.10199999999999
PASCO,OXAPAMPA,VOTOS NULOS,2579,5.528,2021-06-08T00:54:00Z,94.10199999999999
PASCO,OXAPAMPA,TOTAL DE VOTOS EMITIDOS,46653,100,2021-06-08T00:54:00Z,94.10199999999999
PIURA,PIURA,TOTAL DE VOTOS VÁLIDOS,410378,93.06700000000001,2021-06-08T00:54:00Z,94.10199999999999
PIURA,PIURA,VOTOS EN BLANCO,2786,0.632,2021-06-08T00:54:00Z,94.10199999999999
PIURA,PIURA,VOTOS NULOS,27786,6.301,2021-06-08T00:54:00Z,94.10199999999999
PIURA,PIURA,TOTAL DE VOTOS EMITIDOS,440950,100,2021-06-08T00:54:00Z,94.10199999999999
PIURA,AYABACA,TOTAL DE VOTOS VÁLIDOS,50503,94.312,2021-06-08T00:54:00Z,94.10199999999999
PIURA,AYABACA,VOTOS EN BLANCO,570,1.064,2021-06-08T00:54:00Z,94.10199999999999
PIURA,AYABACA,VOTOS NULOS,2476,4.623999999999999,2021-06-08T00:54:00Z,94.10199999999999
PIURA,AYABACA,TOTAL DE VOTOS EMITIDOS,53549,100,2021-06-08T00:54:00Z,94.10199999999999
PIURA,HUANCABAMBA,TOTAL DE VOTOS VÁLIDOS,52033,92.10799999999999,2021-06-08T00:54:00Z,94.10199999999999
PIURA,HUANCABAMBA,VOTOS EN BLANCO,811,1.436,2021-06-08T00:54:00Z,94.10199999999999
PIURA,HUANCABAMBA,VOTOS NULOS,3647,6.456,2021-06-08T00:54:00Z,94.10199999999999
PIURA,HUANCABAMBA,TOTAL DE VOTOS EMITIDOS,56491,100,2021-06-08T00:54:00Z,94.10199999999999
PIURA,MORROPON,TOTAL DE VOTOS VÁLIDOS,89059,92.49400000000001,2021-06-08T00:54:00Z,94.10199999999999
PIURA,MORROPON,VOTOS EN BLANCO,991,1.029,2021-06-08T00:54:00Z,94.10199999999999
PIURA,MORROPON,VOTOS NULOS,6236,6.477,2021-06-08T00:54:00Z,94.10199999999999
PIURA,MORROPON,TOTAL DE VOTOS EMITIDOS,96286,100,2021-06-08T00:54:00Z,94.10199999999999
PIURA,PAITA,TOTAL DE VOTOS VÁLIDOS,65596,92.68799999999999,2021-06-08T00:54:00Z,94.10199999999999
PIURA,PAITA,VOTOS EN BLANCO,616,0.8700000000000001,2021-06-08T00:54:00Z,94.10199999999999
PIURA,PAITA,VOTOS NULOS,4559,6.442,2021-06-08T00:54:00Z,94.10199999999999
PIURA,PAITA,TOTAL DE VOTOS EMITIDOS,70771,100,2021-06-08T00:54:00Z,94.10199999999999
PIURA,SULLANA,TOTAL DE VOTOS VÁLIDOS,176626,92.11,2021-06-08T00:54:00Z,94.10199999999999
PIURA,SULLANA,VOTOS EN BLANCO,1412,0.736,2021-06-08T00:54:00Z,94.10199999999999
PIURA,SULLANA,VOTOS NULOS,13718,7.153999999999999,2021-06-08T00:54:00Z,94.10199999999999
PIURA,SULLANA,TOTAL DE VOTOS EMITIDOS,191756,100,2021-06-08T00:54:00Z,94.10199999999999
PIURA,TALARA,TOTAL DE VOTOS VÁLIDOS,72729,91.49700000000001,2021-06-08T00:54:00Z,94.10199999999999
PIURA,TALARA,VOTOS EN BLANCO,557,0.701,2021-06-08T00:54:00Z,94.10199999999999
PIURA,TALARA,VOTOS NULOS,6202,7.802,2021-06-08T00:54:00Z,94.10199999999999
PIURA,TALARA,TOTAL DE VOTOS EMITIDOS,79488,100,2021-06-08T00:54:00Z,94.10199999999999
PIURA,SECHURA,TOTAL DE VOTOS VÁLIDOS,40878,94.757,2021-06-08T00:54:00Z,94.10199999999999
PIURA,SECHURA,VOTOS EN BLANCO,344,0.7969999999999999,2021-06-08T00:54:00Z,94.10199999999999
PIURA,SECHURA,VOTOS NULOS,1918,4.446000000000001,2021-06-08T00:54:00Z,94.10199999999999
PIURA,SECHURA,TOTAL DE VOTOS EMITIDOS,43140,100,2021-06-08T00:54:00Z,94.10199999999999
PUNO,PUNO,TOTAL DE VOTOS VÁLIDOS,142851,94.859,2021-06-08T00:54:00Z,94.10199999999999
PUNO,PUNO,VOTOS EN BLANCO,699,0.464,2021-06-08T00:54:00Z,94.10199999999999
PUNO,PUNO,VOTOS NULOS,7043,4.677,2021-06-08T00:54:00Z,94.10199999999999
PUNO,PUNO,TOTAL DE VOTOS EMITIDOS,150593,100,2021-06-08T00:54:00Z,94.10199999999999
PUNO,AZANGARO,TOTAL DE VOTOS VÁLIDOS,79349,96.64999999999999,2021-06-08T00:54:00Z,94.10199999999999
PUNO,AZANGARO,VOTOS EN BLANCO,369,0.449,2021-06-08T00:54:00Z,94.10199999999999
PUNO,AZANGARO,VOTOS NULOS,2381,2.9,2021-06-08T00:54:00Z,94.10199999999999
PUNO,AZANGARO,TOTAL DE VOTOS EMITIDOS,82099,100,2021-06-08T00:54:00Z,94.10199999999999
PUNO,CARABAYA,TOTAL DE VOTOS VÁLIDOS,33300,94.748,2021-06-08T00:54:00Z,94.10199999999999
PUNO,CARABAYA,VOTOS EN BLANCO,258,0.734,2021-06-08T00:54:00Z,94.10199999999999
PUNO,CARABAYA,VOTOS NULOS,1588,4.518,2021-06-08T00:54:00Z,94.10199999999999
PUNO,CARABAYA,TOTAL DE VOTOS EMITIDOS,35146,100,2021-06-08T00:54:00Z,94.10199999999999
PUNO,CHUCUITO,TOTAL DE VOTOS VÁLIDOS,45526,96.357,2021-06-08T00:54:00Z,94.10199999999999
PUNO,CHUCUITO,VOTOS EN BLANCO,219,0.464,2021-06-08T00:54:00Z,94.10199999999999
PUNO,CHUCUITO,VOTOS NULOS,1502,3.179,2021-06-08T00:54:00Z,94.10199999999999
PUNO,CHUCUITO,TOTAL DE VOTOS EMITIDOS,47247,100,2021-06-08T00:54:00Z,94.10199999999999
PUNO,HUANCANE,TOTAL DE VOTOS VÁLIDOS,42882,95.871,2021-06-08T00:54:00Z,94.10199999999999
PUNO,HUANCANE,VOTOS EN BLANCO,247,0.552,2021-06-08T00:54:00Z,94.10199999999999
PUNO,HUANCANE,VOTOS NULOS,1600,3.577,2021-06-08T00:54:00Z,94.10199999999999
PUNO,HUANCANE,TOTAL DE VOTOS EMITIDOS,44729,100,2021-06-08T00:54:00Z,94.10199999999999
PUNO,LAMPA,TOTAL DE VOTOS VÁLIDOS,28657,96.11,2021-06-08T00:54:00Z,94.10199999999999
PUNO,LAMPA,VOTOS EN BLANCO,135,0.453,2021-06-08T00:54:00Z,94.10199999999999
PUNO,LAMPA,VOTOS NULOS,1025,3.4379999999999997,2021-06-08T00:54:00Z,94.10199999999999
PUNO,LAMPA,TOTAL DE VOTOS EMITIDOS,29817,100,2021-06-08T00:54:00Z,94.10199999999999
PUNO,MELGAR,TOTAL DE VOTOS VÁLIDOS,41944,95.63199999999999,2021-06-08T00:54:00Z,94.10199999999999
PUNO,MELGAR,VOTOS EN BLANCO,203,0.463,2021-06-08T00:54:00Z,94.10199999999999
PUNO,MELGAR,VOTOS NULOS,1713,3.9059999999999997,2021-06-08T00:54:00Z,94.10199999999999
PUNO,MELGAR,TOTAL DE VOTOS EMITIDOS,43860,100,2021-06-08T00:54:00Z,94.10199999999999
PUNO,SANDIA,TOTAL DE VOTOS VÁLIDOS,31082,95.43400000000001,2021-06-08T00:54:00Z,94.10199999999999
PUNO,SANDIA,VOTOS EN BLANCO,198,0.608,2021-06-08T00:54:00Z,94.10199999999999
PUNO,SANDIA,VOTOS NULOS,1289,3.9579999999999997,2021-06-08T00:54:00Z,94.10199999999999
PUNO,SANDIA,TOTAL DE VOTOS EMITIDOS,32569,100,2021-06-08T00:54:00Z,94.10199999999999
PUNO,SAN ROMAN,TOTAL DE VOTOS VÁLIDOS,180900,95.513,2021-06-08T00:54:00Z,94.10199999999999
PUNO,SAN ROMAN,VOTOS EN BLANCO,624,0.329,2021-06-08T00:54:00Z,94.10199999999999
PUNO,SAN ROMAN,VOTOS NULOS,7874,4.156999999999999,2021-06-08T00:54:00Z,94.10199999999999
PUNO,SAN ROMAN,TOTAL DE VOTOS EMITIDOS,189398,100,2021-06-08T00:54:00Z,94.10199999999999
PUNO,YUNGUYO,TOTAL DE VOTOS VÁLIDOS,20739,95.116,2021-06-08T00:54:00Z,94.10199999999999
PUNO,YUNGUYO,VOTOS EN BLANCO,136,0.624,2021-06-08T00:54:00Z,94.10199999999999
PUNO,YUNGUYO,VOTOS NULOS,929,4.261,2021-06-08T00:54:00Z,94.10199999999999
PUNO,YUNGUYO,TOTAL DE VOTOS EMITIDOS,21804,100,2021-06-08T00:54:00Z,94.10199999999999
PUNO,SAN ANTONIO DE PUTINA,TOTAL DE VOTOS VÁLIDOS,18531,96.14999999999999,2021-06-08T00:54:00Z,94.10199999999999
PUNO,SAN ANTONIO DE PUTINA,VOTOS EN BLANCO,74,0.384,2021-06-08T00:54:00Z,94.10199999999999
PUNO,SAN ANTONIO DE PUTINA,VOTOS NULOS,668,3.4659999999999997,2021-06-08T00:54:00Z,94.10199999999999
PUNO,SAN ANTONIO DE PUTINA,TOTAL DE VOTOS EMITIDOS,19273,100,2021-06-08T00:54:00Z,94.10199999999999
PUNO,EL COLLAO,TOTAL DE VOTOS VÁLIDOS,41045,96.15799999999999,2021-06-08T00:54:00Z,94.10199999999999
PUNO,EL COLLAO,VOTOS EN BLANCO,208,0.48700000000000004,2021-06-08T00:54:00Z,94.10199999999999
PUNO,EL COLLAO,VOTOS NULOS,1432,3.3549999999999995,2021-06-08T00:54:00Z,94.10199999999999
PUNO,EL COLLAO,TOTAL DE VOTOS EMITIDOS,42685,100,2021-06-08T00:54:00Z,94.10199999999999
PUNO,MOHO,TOTAL DE VOTOS VÁLIDOS,14750,95.34,2021-06-08T00:54:00Z,94.10199999999999
PUNO,MOHO,VOTOS EN BLANCO,114,0.737,2021-06-08T00:54:00Z,94.10199999999999
PUNO,MOHO,VOTOS NULOS,607,3.923,2021-06-08T00:54:00Z,94.10199999999999
PUNO,MOHO,TOTAL DE VOTOS EMITIDOS,15471,100,2021-06-08T00:54:00Z,94.10199999999999
SAN MARTIN,MOYOBAMBA,TOTAL DE VOTOS VÁLIDOS,64292,91.905,2021-06-08T00:54:00Z,94.10199999999999
SAN MARTIN,MOYOBAMBA,VOTOS EN BLANCO,653,0.933,2021-06-08T00:54:00Z,94.10199999999999
SAN MARTIN,MOYOBAMBA,VOTOS NULOS,5010,7.161999999999999,2021-06-08T00:54:00Z,94.10199999999999
SAN MARTIN,MOYOBAMBA,TOTAL DE VOTOS EMITIDOS,69955,100,2021-06-08T00:54:00Z,94.10199999999999
SAN MARTIN,HUALLAGA,TOTAL DE VOTOS VÁLIDOS,13608,91.661,2021-06-08T00:54:00Z,94.10199999999999
SAN MARTIN,HUALLAGA,VOTOS EN BLANCO,172,1.159,2021-06-08T00:54:00Z,94.10199999999999
SAN MARTIN,HUALLAGA,VOTOS NULOS,1066,7.18,2021-06-08T00:54:00Z,94.10199999999999
SAN MARTIN,HUALLAGA,TOTAL DE VOTOS EMITIDOS,14846,100,2021-06-08T00:54:00Z,94.10199999999999
SAN MARTIN,LAMAS,TOTAL DE VOTOS VÁLIDOS,42768,90.804,2021-06-08T00:54:00Z,94.10199999999999
SAN MARTIN,LAMAS,VOTOS EN BLANCO,661,1.4029999999999998,2021-06-08T00:54:00Z,94.10199999999999
SAN MARTIN,LAMAS,VOTOS NULOS,3670,7.792,2021-06-08T00:54:00Z,94.10199999999999
SAN MARTIN,LAMAS,TOTAL DE VOTOS EMITIDOS,47099,100,2021-06-08T00:54:00Z,94.10199999999999
SAN MARTIN,MARISCAL CACERES,TOTAL DE VOTOS VÁLIDOS,29924,92.877,2021-06-08T00:54:00Z,94.10199999999999
SAN MARTIN,MARISCAL CACERES,VOTOS EN BLANCO,324,1.006,2021-06-08T00:54:00Z,94.10199999999999
SAN MARTIN,MARISCAL CACERES,VOTOS NULOS,1971,6.117999999999999,2021-06-08T00:54:00Z,94.10199999999999
SAN MARTIN,MARISCAL CACERES,TOTAL DE VOTOS EMITIDOS,32219,100,2021-06-08T00:54:00Z,94.10199999999999
SAN MARTIN,RIOJA,TOTAL DE VOTOS VÁLIDOS,66269,92.96100000000001,2021-06-08T00:54:00Z,94.10199999999999
SAN MARTIN,RIOJA,VOTOS EN BLANCO,746,1.046,2021-06-08T00:54:00Z,94.10199999999999
SAN MARTIN,RIOJA,VOTOS NULOS,4272,5.993,2021-06-08T00:54:00Z,94.10199999999999
SAN MARTIN,RIOJA,TOTAL DE VOTOS EMITIDOS,71287,100,2021-06-08T00:54:00Z,94.10199999999999
SAN MARTIN,SAN MARTIN,TOTAL DE VOTOS VÁLIDOS,105891,93.24000000000001,2021-06-08T00:54:00Z,94.10199999999999
SAN MARTIN,SAN MARTIN,VOTOS EN BLANCO,818,0.72,2021-06-08T00:54:00Z,94.10199999999999
SAN MARTIN,SAN MARTIN,VOTOS NULOS,6859,6.04,2021-06-08T00:54:00Z,94.10199999999999
SAN MARTIN,SAN MARTIN,TOTAL DE VOTOS EMITIDOS,113568,100,2021-06-08T00:54:00Z,94.10199999999999
SAN MARTIN,BELLAVISTA,TOTAL DE VOTOS VÁLIDOS,26319,94.134,2021-06-08T00:54:00Z,94.10199999999999
SAN MARTIN,BELLAVISTA,VOTOS EN BLANCO,334,1.195,2021-06-08T00:54:00Z,94.10199999999999
SAN MARTIN,BELLAVISTA,VOTOS NULOS,1306,4.671,2021-06-08T00:54:00Z,94.10199999999999
SAN MARTIN,BELLAVISTA,TOTAL DE VOTOS EMITIDOS,27959,100,2021-06-08T00:54:00Z,94.10199999999999
SAN MARTIN,TOCACHE,TOTAL DE VOTOS VÁLIDOS,37655,93.992,2021-06-08T00:54:00Z,94.10199999999999
SAN MARTIN,TOCACHE,VOTOS EN BLANCO,424,1.058,2021-06-08T00:54:00Z,94.10199999999999
SAN MARTIN,TOCACHE,VOTOS NULOS,1983,4.95,2021-06-08T00:54:00Z,94.10199999999999
SAN MARTIN,TOCACHE,TOTAL DE VOTOS EMITIDOS,40062,100,2021-06-08T00:54:00Z,94.10199999999999
SAN MARTIN,PICOTA,TOTAL DE VOTOS VÁLIDOS,22587,94.57,2021-06-08T00:54:00Z,94.10199999999999
SAN MARTIN,PICOTA,VOTOS EN BLANCO,241,1.009,2021-06-08T00:54:00Z,94.10199999999999
SAN MARTIN,PICOTA,VOTOS NULOS,1056,4.421,2021-06-08T00:54:00Z,94.10199999999999
SAN MARTIN,PICOTA,TOTAL DE VOTOS EMITIDOS,23884,100,2021-06-08T00:54:00Z,94.10199999999999
SAN MARTIN,EL DORADO,TOTAL DE VOTOS VÁLIDOS,18838,91.163,2021-06-08T00:54:00Z,94.10199999999999
SAN MARTIN,EL DORADO,VOTOS EN BLANCO,261,1.263,2021-06-08T00:54:00Z,94.10199999999999
SAN MARTIN,EL DORADO,VOTOS NULOS,1565,7.574,2021-06-08T00:54:00Z,94.10199999999999
SAN MARTIN,EL DORADO,TOTAL DE VOTOS EMITIDOS,20664,100,2021-06-08T00:54:00Z,94.10199999999999
TACNA,TACNA,TOTAL DE VOTOS VÁLIDOS,195139,94.51100000000001,2021-06-08T00:54:00Z,94.10199999999999
TACNA,TACNA,VOTOS EN BLANCO,1007,0.48800000000000004,2021-06-08T00:54:00Z,94.10199999999999
TACNA,TACNA,VOTOS NULOS,10326,5.001,2021-06-08T00:54:00Z,94.10199999999999
TACNA,TACNA,TOTAL DE VOTOS EMITIDOS,206472,100,2021-06-08T00:54:00Z,94.10199999999999
TACNA,TARATA,TOTAL DE VOTOS VÁLIDOS,4664,96.74300000000001,2021-06-08T00:54:00Z,94.10199999999999
TACNA,TARATA,VOTOS EN BLANCO,27,0.56,2021-06-08T00:54:00Z,94.10199999999999
TACNA,TARATA,VOTOS NULOS,130,2.697,2021-06-08T00:54:00Z,94.10199999999999
TACNA,TARATA,TOTAL DE VOTOS EMITIDOS,4821,100,2021-06-08T00:54:00Z,94.10199999999999
TACNA,JORGE BASADRE,TOTAL DE VOTOS VÁLIDOS,6239,96.624,2021-06-08T00:54:00Z,94.10199999999999
TACNA,JORGE BASADRE,VOTOS EN BLANCO,20,0.31,2021-06-08T00:54:00Z,94.10199999999999
TACNA,JORGE BASADRE,VOTOS NULOS,198,3.066,2021-06-08T00:54:00Z,94.10199999999999
TACNA,JORGE BASADRE,TOTAL DE VOTOS EMITIDOS,6457,100,2021-06-08T00:54:00Z,94.10199999999999
TACNA,CANDARAVE,TOTAL DE VOTOS VÁLIDOS,4125,97.56400000000001,2021-06-08T00:54:00Z,94.10199999999999
TACNA,CANDARAVE,VOTOS EN BLANCO,12,0.28400000000000003,2021-06-08T00:54:00Z,94.10199999999999
TACNA,CANDARAVE,VOTOS NULOS,91,2.1519999999999997,2021-06-08T00:54:00Z,94.10199999999999
TACNA,CANDARAVE,TOTAL DE VOTOS EMITIDOS,4228,100,2021-06-08T00:54:00Z,94.10199999999999
TUMBES,TUMBES,TOTAL DE VOTOS VÁLIDOS,84151,92.087,2021-06-08T00:54:00Z,94.10199999999999
TUMBES,TUMBES,VOTOS EN BLANCO,578,0.633,2021-06-08T00:54:00Z,94.10199999999999
TUMBES,TUMBES,VOTOS NULOS,6653,7.28,2021-06-08T00:54:00Z,94.10199999999999
TUMBES,TUMBES,TOTAL DE VOTOS EMITIDOS,91382,100,2021-06-08T00:54:00Z,94.10199999999999
TUMBES,CONTRALMIRANTE VILLAR,TOTAL DE VOTOS VÁLIDOS,11343,95.08,2021-06-08T00:54:00Z,94.10199999999999
TUMBES,CONTRALMIRANTE VILLAR,VOTOS EN BLANCO,82,0.6869999999999999,2021-06-08T00:54:00Z,94.10199999999999
TUMBES,CONTRALMIRANTE VILLAR,VOTOS NULOS,505,4.2330000000000005,2021-06-08T00:54:00Z,94.10199999999999
TUMBES,CONTRALMIRANTE VILLAR,TOTAL DE VOTOS EMITIDOS,11930,100,2021-06-08T00:54:00Z,94.10199999999999
TUMBES,ZARUMILLA,TOTAL DE VOTOS VÁLIDOS,24545,93.05799999999999,2021-06-08T00:54:00Z,94.10199999999999
TUMBES,ZARUMILLA,VOTOS EN BLANCO,185,0.701,2021-06-08T00:54:00Z,94.10199999999999
TUMBES,ZARUMILLA,VOTOS NULOS,1646,6.2410000000000005,2021-06-08T00:54:00Z,94.10199999999999
TUMBES,ZARUMILLA,TOTAL DE VOTOS EMITIDOS,26376,100,2021-06-08T00:54:00Z,94.10199999999999
CALLAO,CALLAO,TOTAL DE VOTOS VÁLIDOS,598911,93.17699999999999,2021-06-08T00:54:00Z,94.10199999999999
CALLAO,CALLAO,VOTOS EN BLANCO,2914,0.453,2021-06-08T00:54:00Z,94.10199999999999
CALLAO,CALLAO,VOTOS NULOS,40941,6.37,2021-06-08T00:54:00Z,94.10199999999999
CALLAO,CALLAO,TOTAL DE VOTOS EMITIDOS,642766,100,2021-06-08T00:54:00Z,94.10199999999999
UCAYALI,CORONEL PORTILLO,TOTAL DE VOTOS VÁLIDOS,194645,93.553,2021-06-08T00:54:00Z,94.10199999999999
UCAYALI,CORONEL PORTILLO,VOTOS EN BLANCO,1549,0.745,2021-06-08T00:54:00Z,94.10199999999999
UCAYALI,CORONEL PORTILLO,VOTOS NULOS,11865,5.703,2021-06-08T00:54:00Z,94.10199999999999
UCAYALI,CORONEL PORTILLO,TOTAL DE VOTOS EMITIDOS,208059,100,2021-06-08T00:54:00Z,94.10199999999999
UCAYALI,PADRE ABAD,TOTAL DE VOTOS VÁLIDOS,32457,94.127,2021-06-08T00:54:00Z,94.10199999999999
UCAYALI,PADRE ABAD,VOTOS EN BLANCO,316,0.916,2021-06-08T00:54:00Z,94.10199999999999
UCAYALI,PADRE ABAD,VOTOS NULOS,1709,4.956,2021-06-08T00:54:00Z,94.10199999999999
UCAYALI,PADRE ABAD,TOTAL DE VOTOS EMITIDOS,34482,100,2021-06-08T00:54:00Z,94.10199999999999
UCAYALI,ATALAYA,TOTAL DE VOTOS VÁLIDOS,17646,90.60799999999999,2021-06-08T00:54:00Z,94.10199999999999
UCAYALI,ATALAYA,VOTOS EN BLANCO,363,1.864,2021-06-08T00:54:00Z,94.10199999999999
UCAYALI,ATALAYA,VOTOS NULOS,1466,7.528,2021-06-08T00:54:00Z,94.10199999999999
UCAYALI,ATALAYA,TOTAL DE VOTOS EMITIDOS,19475,100,2021-06-08T00:54:00Z,94.10199999999999
UCAYALI,PURUS,TOTAL DE VOTOS VÁLIDOS,1348,95.739,2021-06-08T00:54:00Z,94.10199999999999
UCAYALI,PURUS,VOTOS EN BLANCO,14,0.994,2021-06-08T00:54:00Z,94.10199999999999
UCAYALI,PURUS,VOTOS NULOS,46,3.2670000000000003,2021-06-08T00:54:00Z,94.10199999999999
UCAYALI,PURUS,TOTAL DE VOTOS EMITIDOS,1408,100,2021-06-08T00:54:00Z,94.10199999999999
