departamento,provincia,CCODI_UBIGEO,CONTABILIZA,CONT_NORMAL,IMPUGNADA,ERROR_MAT,MESAS_INSTALADAS,ACTAS_PROCESADAS,SOL_NULIDAD,ILEGIBLE,PENDIENTE,OTRAS_OBS,SIN_DATOS,CONT_ANULADA,POR_PROCESAR,EXTRAVIADA,SINIESTRADA,INCOMPLETA,SIN_FIRMA,A_INSTALAR,MESAS_NO_INST,FUSIONADAS,NTOTAL_AUTO,MESAS_HABILES,TOT_CIUDADANOS_VOTARON,ELECTORES_HABIL,ELECTORES_HABIL_50,TOTAL_JEE,updated,avance
AMAZONAS,CHACHAPOYAS,010100,149,149,1,0,150,150,0,0,0,0,0,0,0,0,0,0,0,150,0,0,0,150,28216,40452,20231,1,2021-06-08T01:18:00Z,94.2231
AMAZONAS,BAGUA,010200,214,214,1,0,217,217,0,0,5,1,0,0,5,0,0,1,0,222,0,0,0,222,37676,59945,29973,3,2021-06-08T01:18:00Z,94.2231
AMAZONAS,BONGARA,010300,77,77,0,0,77,77,0,0,0,0,0,0,0,0,0,0,0,77,0,0,0,77,14576,20917,10461,0,2021-06-08T01:18:00Z,94.2231
AMAZONAS,LUYA,010400,132,132,0,1,133,133,0,0,0,0,0,0,0,0,0,0,0,133,0,0,0,133,21655,34793,17403,1,2021-06-08T01:18:00Z,94.2231
AMAZONAS,RODRIGUEZ DE MENDOZA,010500,81,81,0,2,83,83,0,0,2,0,0,0,2,0,0,0,0,85,0,0,0,85,13845,21803,10904,2,2021-06-08T01:18:00Z,94.2231
AMAZONAS,CONDORCANQUI,010600,66,66,1,0,68,68,0,0,70,0,0,0,70,0,0,0,1,138,0,0,0,138,8159,18721,9361,2,2021-06-08T01:18:00Z,94.2231
AMAZONAS,UTCUBAMBA,010700,297,297,1,2,300,300,0,0,0,0,0,0,0,0,0,0,0,300,0,0,0,300,58600,85331,42667,3,2021-06-08T01:18:00Z,94.2231
ANCASH,HUARAZ,020100,445,445,0,1,446,446,0,0,0,0,0,0,0,0,0,0,0,446,0,0,0,446,99163,129060,64533,1,2021-06-08T01:18:00Z,94.2231
ANCASH,AIJA,020200,24,24,0,0,24,24,0,0,0,0,0,0,0,0,0,0,0,24,0,0,0,24,3945,5817,2911,0,2021-06-08T01:18:00Z,94.2231
ANCASH,BOLOGNESI,020300,71,71,0,0,71,71,0,0,0,0,0,0,0,0,0,0,0,71,0,0,0,71,12418,18779,9395,0,2021-06-08T01:18:00Z,94.2231
ANCASH,CARHUAZ,020400,136,136,0,1,137,137,0,0,0,0,0,0,0,0,0,0,0,137,0,0,0,137,30065,38383,19195,1,2021-06-08T01:18:00Z,94.2231
ANCASH,CASMA,020500,125,125,0,1,128,128,0,1,0,1,0,0,0,0,0,0,0,128,0,0,0,128,28346,36561,18282,3,2021-06-08T01:18:00Z,94.2231
ANCASH,CORONGO,020600,24,24,0,0,24,24,0,0,0,0,0,0,0,0,0,0,0,24,0,0,0,24,3835,5688,2846,0,2021-06-08T01:18:00Z,94.2231
ANCASH,HUAYLAS,020700,147,147,0,1,149,149,0,0,0,1,0,0,0,0,0,0,0,149,0,0,0,149,30584,42086,21046,2,2021-06-08T01:18:00Z,94.2231
ANCASH,HUARI,020800,202,202,0,0,203,203,0,0,0,1,0,0,0,0,0,0,0,203,0,0,0,203,36555,56493,28250,1,2021-06-08T01:18:00Z,94.2231
ANCASH,MARISCAL LUZURIAGA,020900,61,61,0,0,61,61,0,0,0,0,0,0,0,0,0,0,0,61,0,0,0,61,10981,16100,8053,0,2021-06-08T01:18:00Z,94.2231
ANCASH,PALLASCA,021000,67,67,0,0,67,67,0,0,0,0,0,0,0,0,0,0,0,67,0,0,0,67,10970,17769,8888,0,2021-06-08T01:18:00Z,94.2231
ANCASH,POMABAMBA,021100,69,69,0,0,69,69,0,0,0,0,0,0,0,0,0,0,0,69,0,0,0,69,12911,18893,9448,0,2021-06-08T01:18:00Z,94.2231
ANCASH,RECUAY,021200,62,62,0,1,63,63,0,0,0,0,0,0,0,0,0,0,0,63,0,0,0,63,11040,15788,7897,1,2021-06-08T01:18:00Z,94.2231
ANCASH,SANTA,021300,1187,1187,4,4,1201,1201,0,0,0,2,0,0,0,0,0,1,3,1201,0,0,0,1201,266074,352541,176273,14,2021-06-08T01:18:00Z,94.2231
ANCASH,SIHUAS,021400,80,80,0,1,81,81,0,0,0,0,0,0,0,0,0,0,0,81,0,0,0,81,14002,21439,10721,1,2021-06-08T01:18:00Z,94.2231
ANCASH,YUNGAY,021500,158,158,0,0,159,159,0,0,0,0,0,0,0,0,0,0,1,159,0,0,0,159,32017,43592,21798,1,2021-06-08T01:18:00Z,94.2231
ANCASH,ANTONIO RAYMONDI,021600,40,40,0,0,40,40,0,0,0,0,0,0,0,0,0,0,0,40,0,0,0,40,6227,10921,5462,0,2021-06-08T01:18:00Z,94.2231
ANCASH,CARLOS FERMIN FITZCARRALD,021700,51,51,0,0,51,51,0,0,0,0,0,0,0,0,0,0,0,51,0,0,0,51,9127,14010,7006,0,2021-06-08T01:18:00Z,94.2231
ANCASH,ASUNCION,021800,21,21,0,0,21,21,0,0,0,0,0,0,0,0,0,0,0,21,0,0,0,21,4083,5968,2985,0,2021-06-08T01:18:00Z,94.2231
ANCASH,HUARMEY,021900,82,82,0,0,82,82,0,0,0,0,0,0,0,0,0,0,0,82,0,0,0,82,17699,23652,11827,0,2021-06-08T01:18:00Z,94.2231
ANCASH,OCROS,022000,25,25,0,0,25,25,0,0,0,0,0,0,0,0,0,0,0,25,0,0,0,25,3490,5468,2735,0,2021-06-08T01:18:00Z,94.2231
APURIMAC,ABANCAY,030100,286,286,4,1,292,292,0,0,0,0,0,0,0,0,0,0,1,292,0,0,0,292,60879,80945,40474,6,2021-06-08T01:18:00Z,94.2231
APURIMAC,AYMARAES,030200,83,83,0,0,83,83,0,0,0,0,0,0,0,0,0,0,0,83,0,0,0,83,14686,21331,10670,0,2021-06-08T01:18:00Z,94.2231
APURIMAC,ANDAHUAYLAS,030300,392,392,0,0,393,393,0,0,0,1,0,0,0,0,0,0,0,393,0,0,0,393,83410,112995,56503,1,2021-06-08T01:18:00Z,94.2231
APURIMAC,ANTABAMBA,030400,35,35,0,0,35,35,0,0,0,0,0,0,0,0,0,0,0,35,0,0,0,35,6038,9274,4638,0,2021-06-08T01:18:00Z,94.2231
APURIMAC,COTABAMBAS,030500,128,128,0,0,129,129,0,0,0,0,0,0,0,0,0,0,1,129,0,0,0,129,23840,35770,17886,1,2021-06-08T01:18:00Z,94.2231
APURIMAC,GRAU,030600,69,69,0,0,69,69,0,0,0,0,0,0,0,0,0,0,0,69,0,0,0,69,11904,18250,9127,0,2021-06-08T01:18:00Z,94.2231
APURIMAC,CHINCHEROS,030700,124,124,0,0,124,124,0,0,0,0,0,0,0,0,0,0,0,124,0,0,0,124,24984,35242,17623,0,2021-06-08T01:18:00Z,94.2231
AREQUIPA,AREQUIPA,040100,3048,3048,17,4,3078,3078,0,0,0,3,0,0,0,0,0,2,4,3078,0,0,0,3078,725137,892859,446439,30,2021-06-08T01:18:00Z,94.2231
AREQUIPA,CAYLLOMA,040200,265,265,0,0,265,265,0,0,0,0,0,0,0,0,0,0,0,265,0,0,0,265,57040,74641,37327,0,2021-06-08T01:18:00Z,94.2231
AREQUIPA,CAMANA,040300,169,169,0,0,169,169,0,0,0,0,0,0,0,0,0,0,0,169,0,0,0,169,36930,48565,24284,0,2021-06-08T01:18:00Z,94.2231
AREQUIPA,CARAVELI,040400,95,95,0,0,95,95,0,0,0,0,0,0,0,0,0,0,0,95,0,0,0,95,18707,26213,13109,0,2021-06-08T01:18:00Z,94.2231
AREQUIPA,CASTILLA,040500,96,96,0,0,96,96,0,0,0,0,0,0,0,0,0,0,0,96,0,0,0,96,17862,25959,12985,0,2021-06-08T01:18:00Z,94.2231
AREQUIPA,CONDESUYOS,040600,45,45,0,0,46,46,0,0,0,0,0,0,0,0,0,0,1,46,0,0,0,46,7439,11686,5844,1,2021-06-08T01:18:00Z,94.2231
AREQUIPA,ISLAY,040700,157,157,1,0,158,158,0,0,0,0,0,0,0,0,0,0,0,158,0,0,0,158,35443,45142,22572,1,2021-06-08T01:18:00Z,94.2231
AREQUIPA,LA UNION,040800,40,40,3,0,43,43,0,0,0,0,0,0,0,0,0,0,0,43,0,0,0,43,6192,10066,5035,3,2021-06-08T01:18:00Z,94.2231
AYACUCHO,HUAMANGA,050100,729,729,0,2,733,733,0,0,0,2,0,0,0,0,0,0,0,733,0,0,0,733,166044,211224,105616,4,2021-06-08T01:18:00Z,94.2231
AYACUCHO,CANGALLO,050200,91,91,0,0,92,92,0,0,0,0,0,0,0,0,0,0,1,92,0,0,0,92,17453,25205,12604,1,2021-06-08T01:18:00Z,94.2231
AYACUCHO,HUANTA,050300,174,174,2,0,176,176,0,0,69,0,0,0,69,0,0,0,0,245,0,0,0,245,34700,50225,25115,2,2021-06-08T01:18:00Z,94.2231
AYACUCHO,LA MAR,050400,103,103,0,0,103,103,0,0,100,0,0,0,100,0,0,0,0,203,0,0,0,203,17767,29134,14569,0,2021-06-08T01:18:00Z,94.2231
AYACUCHO,LUCANAS,050500,143,143,0,0,143,143,0,0,0,0,0,0,0,0,0,0,0,143,0,0,0,143,23044,35663,17836,0,2021-06-08T01:18:00Z,94.2231
AYACUCHO,PARINACOCHAS,050600,69,69,0,0,69,69,0,0,0,0,0,0,0,0,0,0,0,69,0,0,0,69,11574,18008,9005,0,2021-06-08T01:18:00Z,94.2231
AYACUCHO,VICTOR FAJARDO,050700,65,65,0,0,66,66,0,0,0,0,0,0,0,0,0,0,1,66,0,0,0,66,10201,16494,8250,1,2021-06-08T01:18:00Z,94.2231
AYACUCHO,HUANCA SANCOS,050800,31,31,0,0,31,31,0,0,0,0,0,0,0,0,0,0,0,31,0,0,0,31,5054,7571,3786,0,2021-06-08T01:18:00Z,94.2231
AYACUCHO,VILCAS HUAMAN,050900,59,59,0,0,59,59,0,0,0,0,0,0,0,0,0,0,0,59,0,0,0,59,10397,15873,7938,0,2021-06-08T01:18:00Z,94.2231
AYACUCHO,PAUCAR DEL SARA SARA,051000,30,30,0,0,30,30,0,0,0,0,0,0,0,0,0,0,0,30,0,0,0,30,4438,6659,3332,0,2021-06-08T01:18:00Z,94.2231
AYACUCHO,SUCRE,051100,33,33,0,0,33,33,0,0,0,0,0,0,0,0,0,0,0,33,0,0,0,33,4749,7708,3857,0,2021-06-08T01:18:00Z,94.2231
CAJAMARCA,CAJAMARCA,060100,937,937,1,2,944,944,0,0,0,1,0,0,0,0,0,0,3,944,0,0,0,944,208707,271178,135594,7,2021-06-08T01:18:00Z,94.2231
CAJAMARCA,CAJABAMBA,060200,193,193,0,2,197,197,0,0,0,1,0,0,0,0,0,0,1,197,0,0,0,197,35779,56049,28026,4,2021-06-08T01:18:00Z,94.2231
CAJAMARCA,CELENDIN,060300,238,238,0,1,240,240,0,0,0,0,0,0,0,0,0,1,0,240,0,0,0,240,41505,67222,33614,2,2021-06-08T01:18:00Z,94.2231
CAJAMARCA,CONTUMAZA,060400,80,80,0,0,80,80,0,0,0,0,0,0,0,0,0,0,0,80,0,0,0,80,14860,21730,10867,0,2021-06-08T01:18:00Z,94.2231
CAJAMARCA,CUTERVO,060500,334,334,0,1,335,335,0,0,0,0,0,0,0,0,0,0,0,335,0,0,0,335,60993,97919,48962,1,2021-06-08T01:18:00Z,94.2231
CAJAMARCA,CHOTA,060600,418,418,0,1,420,420,0,0,0,0,0,0,0,0,0,0,1,420,0,0,0,420,81338,120799,60404,2,2021-06-08T01:18:00Z,94.2231
CAJAMARCA,HUALGAYOC,060700,243,243,0,0,244,244,0,0,0,1,0,0,0,0,0,0,0,244,0,0,0,244,49606,71439,35720,1,2021-06-08T01:18:00Z,94.2231
CAJAMARCA,JAEN,060800,538,538,1,3,543,543,0,0,0,1,0,0,0,0,0,0,0,543,0,0,0,543,109562,157406,78704,5,2021-06-08T01:18:00Z,94.2231
CAJAMARCA,SANTA CRUZ,060900,113,113,0,0,113,113,0,0,0,0,0,0,0,0,0,0,0,113,0,0,0,113,20354,32122,16063,0,2021-06-08T01:18:00Z,94.2231
CAJAMARCA,SAN MIGUEL,061000,144,144,0,0,144,144,0,0,0,0,0,0,0,0,0,0,0,144,0,0,0,144,27294,39653,19830,0,2021-06-08T01:18:00Z,94.2231
CAJAMARCA,SAN IGNACIO,061100,353,353,0,1,356,356,0,0,0,2,0,0,0,0,0,0,0,356,0,0,0,356,70383,102454,51229,3,2021-06-08T01:18:00Z,94.2231
CAJAMARCA,SAN MARCOS,061200,143,143,0,1,144,144,0,0,0,0,0,0,0,0,0,0,0,144,0,0,0,144,25904,39427,19715,1,2021-06-08T01:18:00Z,94.2231
CAJAMARCA,SAN PABLO,061300,68,68,0,0,68,68,0,0,0,0,0,0,0,0,0,0,0,68,0,0,0,68,13059,18527,9265,0,2021-06-08T01:18:00Z,94.2231
CUSCO,CUSCO,070100,1199,1199,5,1,1207,1207,0,0,0,0,0,0,0,0,0,2,0,1207,0,0,0,1207,280192,354039,177021,8,2021-06-08T01:18:00Z,94.2231
CUSCO,ACOMAYO,070200,69,69,0,0,69,69,0,0,0,0,0,0,0,0,0,0,0,69,0,0,0,69,14343,19229,9617,0,2021-06-08T01:18:00Z,94.2231
CUSCO,ANTA,070300,167,167,1,0,168,168,0,0,0,0,0,0,0,0,0,0,0,168,0,0,0,168,37407,48707,24355,1,2021-06-08T01:18:00Z,94.2231
CUSCO,CALCA,070400,185,185,0,0,185,185,0,0,0,0,0,0,0,0,0,0,0,185,0,0,0,185,41071,54375,27189,0,2021-06-08T01:18:00Z,94.2231
CUSCO,CANAS,070500,106,106,0,0,106,106,0,0,0,0,0,0,0,0,0,0,0,106,0,0,0,106,22962,29976,14990,0,2021-06-08T01:18:00Z,94.2231
CUSCO,CANCHIS,070600,273,273,0,2,275,275,0,0,0,0,0,0,0,0,0,0,0,275,0,0,0,275,62484,79853,39929,2,2021-06-08T01:18:00Z,94.2231
CUSCO,CHUMBIVILCAS,070700,197,197,0,0,197,197,0,0,0,0,0,0,0,0,0,0,0,197,0,0,0,197,40561,56496,28250,0,2021-06-08T01:18:00Z,94.2231
CUSCO,ESPINAR,070800,160,160,0,0,160,160,0,0,0,0,0,0,0,0,0,0,0,160,0,0,0,160,36021,45665,22834,0,2021-06-08T01:18:00Z,94.2231
CUSCO,LA CONVENCION,070900,311,311,0,0,311,311,0,0,209,0,0,0,211,0,0,0,0,522,0,0,0,522,59526,90692,45349,0,2021-06-08T01:18:00Z,94.2231
CUSCO,PARURO,071000,88,88,0,0,88,88,0,0,0,0,0,0,0,0,0,0,0,88,0,0,0,88,17008,24396,12200,0,2021-06-08T01:18:00Z,94.2231
CUSCO,PAUCARTAMBO,071100,121,121,0,0,121,121,0,0,0,0,0,0,0,0,0,0,0,121,0,0,0,121,26686,34593,17298,0,2021-06-08T01:18:00Z,94.2231
CUSCO,QUISPICANCHI,071200,241,241,0,1,242,242,0,0,0,0,0,0,0,0,0,0,0,242,0,0,0,242,53683,69272,34638,1,2021-06-08T01:18:00Z,94.2231
CUSCO,URUBAMBA,071300,186,186,0,0,186,186,0,0,0,0,0,0,0,0,0,0,0,186,0,0,0,186,42892,54574,27289,0,2021-06-08T01:18:00Z,94.2231
HUANCAVELICA,HUANCAVELICA,080100,340,340,2,0,342,342,0,0,0,0,0,0,0,0,0,0,0,342,0,0,0,342,69443,94593,47302,2,2021-06-08T01:18:00Z,94.2231
HUANCAVELICA,ACOBAMBA,080200,119,119,1,0,120,120,0,0,0,0,0,0,0,0,0,0,0,120,0,0,0,120,22858,33207,16605,1,2021-06-08T01:18:00Z,94.2231
HUANCAVELICA,ANGARAES,080300,135,135,0,0,135,135,0,0,0,0,0,0,0,0,0,0,0,135,0,0,0,135,26683,37599,18803,0,2021-06-08T01:18:00Z,94.2231
HUANCAVELICA,CASTROVIRREYNA,080400,59,59,0,0,60,60,0,0,0,0,0,0,0,0,0,0,1,60,0,0,0,60,9448,15105,7555,1,2021-06-08T01:18:00Z,94.2231
HUANCAVELICA,TAYACAJA,080500,254,254,1,0,255,255,0,0,11,0,0,0,11,0,0,0,0,266,0,0,0,266,47400,69364,34687,1,2021-06-08T01:18:00Z,94.2231
HUANCAVELICA,HUAYTARA,080600,71,71,1,1,73,73,0,0,0,0,0,0,0,0,0,0,0,73,0,0,0,73,10444,17797,8902,2,2021-06-08T01:18:00Z,94.2231
HUANCAVELICA,CHURCAMPA,080700,27,27,0,0,28,28,0,0,70,1,0,0,70,0,0,0,0,98,0,0,0,98,4777,7127,3564,1,2021-06-08T01:18:00Z,94.2231
HUANUCO,HUANUCO,090100,793,790,1,0,794,794,0,0,0,0,0,3,0,0,0,0,0,794,0,0,0,794,168814,228482,114243,1,2021-06-08T01:18:00Z,94.2231
HUANUCO,AMBO,090200,151,151,0,0,151,151,0,0,0,0,0,0,0,0,0,0,0,151,0,0,0,151,30293,43046,21527,0,2021-06-08T01:18:00Z,94.2231
HUANUCO,DOS DE MAYO,090300,100,100,1,0,101,101,0,0,0,0,0,0,0,0,0,0,0,101,0,0,0,101,17604,27974,13989,1,2021-06-08T01:18:00Z,94.2231
HUANUCO,HUAMALIES,090400,152,152,0,0,152,152,0,0,0,0,0,0,0,0,0,0,0,152,0,0,0,152,26942,42898,21452,0,2021-06-08T01:18:00Z,94.2231
HUANUCO,MARAÑON,090500,76,76,1,0,77,77,0,0,0,0,0,0,0,0,0,0,0,77,0,0,0,77,13156,19900,9952,1,2021-06-08T01:18:00Z,94.2231
HUANUCO,LEONCIO PRADO,090600,340,340,0,1,341,341,0,0,0,0,0,0,0,0,0,0,0,341,0,0,0,341,71900,100353,50179,1,2021-06-08T01:18:00Z,94.2231
HUANUCO,PACHITEA,090700,145,144,0,0,145,145,0,0,0,0,0,1,0,0,0,0,0,145,0,0,0,145,26723,41193,20597,0,2021-06-08T01:18:00Z,94.2231
HUANUCO,PUERTO INCA,090800,91,91,0,0,92,92,0,0,0,0,0,0,0,0,0,1,0,92,0,0,0,92,16089,26139,13070,1,2021-06-08T01:18:00Z,94.2231
HUANUCO,HUACAYBAMBA,090900,46,46,0,0,46,46,0,0,0,0,0,0,0,0,0,0,0,46,0,0,0,46,7383,12794,6398,0,2021-06-08T01:18:00Z,94.2231
HUANUCO,LAURICOCHA,091000,65,65,0,0,65,65,0,0,0,0,0,0,0,0,0,0,0,65,0,0,0,65,10790,17578,8791,0,2021-06-08T01:18:00Z,94.2231
HUANUCO,YAROWILCA,091100,87,87,0,0,87,87,0,0,0,0,0,0,0,0,0,0,0,87,0,0,0,87,14506,24572,12288,0,2021-06-08T01:18:00Z,94.2231
ICA,ICA,100100,1008,1008,3,2,1016,1016,0,0,0,2,0,0,0,0,0,0,1,1016,0,0,0,1016,235901,296247,148128,8,2021-06-08T01:18:00Z,94.2231
ICA,CHINCHA,100200,579,579,1,1,585,585,0,0,0,2,0,0,0,0,0,1,1,585,0,0,0,585,138088,167843,83924,6,2021-06-08T01:18:00Z,94.2231
ICA,NAZCA,100300,196,196,0,0,197,197,0,0,0,1,0,0,0,0,0,0,0,197,0,0,0,197,42557,57519,28761,1,2021-06-08T01:18:00Z,94.2231
ICA,PISCO,100400,379,379,2,0,382,382,0,0,0,1,0,0,0,0,0,0,0,382,0,0,0,382,90694,112383,56193,3,2021-06-08T01:18:00Z,94.2231
ICA,PALPA,100500,42,42,1,0,43,43,0,0,0,0,0,0,0,0,0,0,0,43,0,0,0,43,8875,11691,5846,1,2021-06-08T01:18:00Z,94.2231
JUNIN,HUANCAYO,110100,1470,1470,4,5,1487,1487,0,0,38,1,0,0,38,0,0,5,2,1525,0,0,0,1525,332245,427081,213546,17,2021-06-08T01:18:00Z,94.2231
JUNIN,CONCEPCION,110200,165,165,2,0,169,169,0,0,0,1,0,0,0,0,0,0,1,169,0,0,0,169,33723,46782,23395,4,2021-06-08T01:18:00Z,94.2231
JUNIN,JAUJA,110300,251,251,0,1,252,252,0,0,0,0,0,0,0,0,0,0,0,252,0,0,0,252,51286,69205,34611,1,2021-06-08T01:18:00Z,94.2231
JUNIN,JUNIN,110400,63,63,0,0,63,63,0,0,0,0,0,0,0,0,0,0,0,63,0,0,0,63,12506,17765,8883,0,2021-06-08T01:18:00Z,94.2231
JUNIN,TARMA,110500,251,251,0,1,253,253,0,0,0,0,0,0,0,0,0,0,1,253,0,0,0,253,54087,72833,36419,2,2021-06-08T01:18:00Z,94.2231
JUNIN,YAULI,110600,105,105,1,1,107,107,0,0,0,0,0,0,0,0,0,0,0,107,0,0,0,107,20121,29239,14623,2,2021-06-08T01:18:00Z,94.2231
JUNIN,SATIPO,110700,406,406,0,3,411,411,0,0,36,1,0,0,38,0,0,0,1,449,0,0,0,449,83160,118226,59115,5,2021-06-08T01:18:00Z,94.2231
JUNIN,CHANCHAMAYO,110800,433,433,1,0,436,436,0,0,0,0,0,0,0,0,0,0,2,436,0,0,0,436,87404,124427,62215,3,2021-06-08T01:18:00Z,94.2231
JUNIN,CHUPACA,110900,169,169,1,0,171,171,0,0,0,0,0,0,0,0,0,1,0,171,0,0,0,171,36752,47631,23816,2,2021-06-08T01:18:00Z,94.2231
LA LIBERTAD,TRUJILLO,120100,2606,2606,12,9,2645,2645,0,4,0,9,0,0,0,0,0,4,1,2645,0,0,0,2645,597491,779066,389535,39,2021-06-08T01:18:00Z,94.2231
LA LIBERTAD,BOLIVAR,120200,38,38,0,1,41,41,0,0,0,1,0,0,0,0,0,0,1,41,0,0,0,41,5883,10554,5278,3,2021-06-08T01:18:00Z,94.2231
LA LIBERTAD,SANCHEZ CARRION,120300,373,373,1,4,378,378,0,0,0,0,0,0,0,0,0,0,0,378,0,0,0,378,73069,108586,54295,5,2021-06-08T01:18:00Z,94.2231
LA LIBERTAD,OTUZCO,120400,237,237,0,0,238,238,0,0,0,0,0,0,0,0,0,0,1,238,0,0,0,238,47600,68514,34260,1,2021-06-08T01:18:00Z,94.2231
LA LIBERTAD,PACASMAYO,120500,273,273,0,0,275,275,0,1,0,0,0,0,0,0,0,0,1,275,0,0,0,275,59705,79105,39553,2,2021-06-08T01:18:00Z,94.2231
LA LIBERTAD,PATAZ,120600,183,183,1,0,185,185,0,0,0,0,0,0,0,0,0,0,1,185,0,0,0,185,32956,52383,26194,2,2021-06-08T01:18:00Z,94.2231
LA LIBERTAD,SANTIAGO DE CHUCO,120700,136,136,0,1,138,138,0,0,0,1,0,0,0,0,0,0,0,138,0,0,0,138,26293,38598,19301,2,2021-06-08T01:18:00Z,94.2231
LA LIBERTAD,ASCOPE,120800,325,325,0,0,325,325,0,0,0,0,0,0,0,0,0,0,0,325,0,0,0,325,72868,94654,47330,0,2021-06-08T01:18:00Z,94.2231
LA LIBERTAD,CHEPEN,120900,223,223,1,0,227,227,0,1,0,1,0,0,0,0,0,0,1,227,0,0,0,227,48905,65402,32701,4,2021-06-08T01:18:00Z,94.2231
LA LIBERTAD,JULCAN,121000,85,85,0,1,86,86,0,0,0,0,0,0,0,0,0,0,0,86,0,0,0,86,16366,24479,12241,1,2021-06-08T01:18:00Z,94.2231
LA LIBERTAD,GRAN CHIMU,121100,75,75,0,0,77,77,0,2,0,0,0,0,0,0,0,0,0,77,0,0,0,77,14116,21267,10634,2,2021-06-08T01:18:00Z,94.2231
LA LIBERTAD,VIRU,121200,233,233,3,0,237,237,0,0,0,0,0,0,0,0,0,0,1,237,0,0,0,237,53126,67527,33764,4,2021-06-08T01:18:00Z,94.2231
LAMBAYEQUE,CHICLAYO,130100,2250,2250,5,4,2265,2265,0,1,0,1,0,0,0,0,0,2,2,2265,0,0,0,2265,507928,665144,332577,15,2021-06-08T01:18:00Z,94.2231
LAMBAYEQUE,FERREÑAFE,130200,274,274,0,0,274,274,0,0,0,0,0,0,0,0,0,0,0,274,0,0,0,274,55661,78604,39303,0,2021-06-08T01:18:00Z,94.2231
LAMBAYEQUE,LAMBAYEQUE,130300,792,792,2,0,794,794,0,0,0,0,0,0,0,0,0,0,0,794,0,0,0,794,178592,228981,114493,2,2021-06-08T01:18:00Z,94.2231
LIMA,LIMA,140100,24639,24639,265,201,25256,25256,1,17,0,72,0,0,0,0,0,31,30,25256,0,0,0,25256,5893414,7373864,3686942,617,2021-06-08T01:18:00Z,94.2231
LIMA,CAJATAMBO,140200,22,22,0,0,22,22,0,0,0,0,0,0,0,0,0,0,0,22,0,0,0,22,3419,5620,2811,0,2021-06-08T01:18:00Z,94.2231
LIMA,CANTA,140300,43,43,1,0,44,44,0,0,0,0,0,0,0,0,0,0,0,44,0,0,0,44,8666,11256,5630,1,2021-06-08T01:18:00Z,94.2231
LIMA,CAÑETE,140400,622,622,2,1,627,627,0,0,0,1,0,0,0,0,0,1,0,627,0,0,0,627,144911,179355,89681,5,2021-06-08T01:18:00Z,94.2231
LIMA,HUAURA,140500,609,609,4,3,621,621,0,0,0,4,0,0,0,0,0,1,0,621,0,0,0,621,135436,173842,86925,12,2021-06-08T01:18:00Z,94.2231
LIMA,HUAROCHIRI,140600,318,318,0,0,318,318,0,0,0,0,0,0,0,0,0,0,0,318,0,0,0,318,66254,87022,43521,0,2021-06-08T01:18:00Z,94.2231
LIMA,YAUYOS,140700,95,95,0,0,95,95,0,0,0,0,0,0,0,0,0,0,0,95,0,0,0,95,13530,21280,10648,0,2021-06-08T01:18:00Z,94.2231
LIMA,HUARAL,140800,512,512,1,1,518,518,0,0,0,2,0,0,0,0,0,1,1,518,0,0,0,518,116472,148997,74501,6,2021-06-08T01:18:00Z,94.2231
LIMA,BARRANCA,140900,391,391,0,3,395,395,0,0,0,1,0,0,0,0,0,0,0,395,0,0,0,395,87454,115753,57878,4,2021-06-08T01:18:00Z,94.2231
LIMA,OYON,141000,46,46,0,0,46,46,0,0,0,0,0,0,0,0,0,0,0,46,0,0,0,46,8430,12601,6301,0,2021-06-08T01:18:00Z,94.2231
LORETO,MAYNAS,150100,1187,1187,7,5,1208,1208,0,0,49,0,0,0,49,0,0,5,4,1257,0,0,0,1257,242172,354064,177035,21,2021-06-08T01:18:00Z,94.2231
LORETO,ALTO AMAZONAS,150200,295,295,0,2,306,306,0,2,0,6,0,0,0,0,0,0,1,306,0,0,0,306,55611,86782,43392,11,2021-06-08T01:18:00Z,94.2231
LORETO,LORETO,150300,164,164,0,5,170,170,0,0,0,0,0,0,0,0,0,0,1,170,0,0,0,170,25448,47156,23580,6,2021-06-08T01:18:00Z,94.2231
LORETO,REQUENA,150400,153,153,1,0,154,154,0,0,7,0,0,0,7,0,0,0,0,161,0,0,0,161,24455,43911,21958,1,2021-06-08T01:18:00Z,94.2231
LORETO,UCAYALI,150500,156,156,0,1,159,159,0,0,0,0,0,0,0,0,0,0,2,159,0,0,0,159,23853,43663,21833,3,2021-06-08T01:18:00Z,94.2231
LORETO,MARISCAL RAMON CASTILLA,150600,151,151,0,0,151,151,0,0,10,0,0,0,11,0,0,0,0,162,0,0,0,162,23439,44123,22062,0,2021-06-08T01:18:00Z,94.2231
LORETO,DATEM DEL MARAÑON,150700,7,7,0,0,7,7,0,0,145,0,0,0,145,0,0,0,0,152,0,0,0,152,854,1834,917,0,2021-06-08T01:18:00Z,94.2231
LORETO,PUTUMAYO,150900,14,14,0,0,14,14,0,0,11,0,0,0,11,0,0,0,0,25,0,0,0,25,1684,3929,1965,0,2021-06-08T01:18:00Z,94.2231
MADRE DE DIOS,TAMBOPATA,160100,319,319,2,1,324,324,0,0,0,1,0,0,0,0,0,0,1,324,0,0,0,324,70985,94634,47318,5,2021-06-08T01:18:00Z,94.2231
MADRE DE DIOS,MANU,160200,16,16,0,1,17,17,0,0,27,0,0,0,27,0,0,0,0,44,0,0,0,44,2680,4194,2097,1,2021-06-08T01:18:00Z,94.2231
MADRE DE DIOS,TAHUAMANU,160300,28,28,0,0,28,28,0,0,0,0,0,0,0,0,0,0,0,28,0,0,0,28,5688,7981,3991,0,2021-06-08T01:18:00Z,94.2231
MOQUEGUA,MARISCAL NIETO,170100,255,255,1,0,256,256,0,0,0,0,0,0,0,0,0,0,0,256,0,0,0,256,56513,71829,35916,1,2021-06-08T01:18:00Z,94.2231
MOQUEGUA,GENERAL SANCHEZ CERRO,170200,51,51,0,0,52,52,0,0,0,1,0,0,0,0,0,0,0,52,0,0,0,52,9430,12813,6409,1,2021-06-08T01:18:00Z,94.2231
MOQUEGUA,ILO,170300,215,215,1,0,216,216,0,0,0,0,0,0,0,0,0,0,0,216,0,0,0,216,49657,62847,31424,1,2021-06-08T01:18:00Z,94.2231
PASCO,PASCO,180100,358,358,0,0,358,358,0,0,0,0,0,0,0,0,0,0,0,358,0,0,0,358,71871,103357,51680,0,2021-06-08T01:18:00Z,94.2231
PASCO,DANIEL ALCIDES CARRION,180200,84,84,0,0,85,85,0,0,0,0,0,0,0,0,0,0,1,85,0,0,0,85,15778,23719,11860,1,2021-06-08T01:18:00Z,94.2231
PASCO,OXAPAMPA,180300,249,249,2,1,252,252,0,0,0,0,0,0,0,0,0,0,0,252,0,0,0,252,46653,72438,36220,3,2021-06-08T01:18:00Z,94.2231
PIURA,PIURA,190100,1939,1939,12,13,1996,1996,0,4,0,20,0,0,0,0,0,2,6,1996,0,0,0,1996,440950,564053,282030,57,2021-06-08T01:18:00Z,94.2231
PIURA,AYABACA,190200,336,336,0,1,339,339,0,1,0,0,0,0,0,0,0,0,1,339,0,0,0,339,53549,97536,48770,3,2021-06-08T01:18:00Z,94.2231
PIURA,HUANCABAMBA,190300,313,313,2,0,317,317,0,1,0,0,0,0,0,0,0,0,1,317,0,0,0,317,56491,89447,44725,4,2021-06-08T01:18:00Z,94.2231
PIURA,MORROPON,190400,450,450,0,1,455,455,0,0,0,1,0,0,0,0,0,1,2,455,0,0,0,455,96286,130041,65023,5,2021-06-08T01:18:00Z,94.2231
PIURA,PAITA,190500,308,308,2,1,316,316,0,1,0,3,0,0,0,0,0,0,1,316,0,0,0,316,70771,88615,44309,8,2021-06-08T01:18:00Z,94.2231
PIURA,SULLANA,190600,829,829,2,1,833,833,0,1,0,0,0,0,0,0,0,0,0,833,0,0,0,833,191756,241823,120914,4,2021-06-08T01:18:00Z,94.2231
PIURA,TALARA,190700,361,361,1,2,366,366,0,0,0,0,0,0,0,0,0,0,2,366,0,0,0,366,79488,105529,52767,5,2021-06-08T01:18:00Z,94.2231
PIURA,SECHURA,190800,187,187,1,0,189,189,0,0,0,1,0,0,0,0,0,0,0,189,0,0,0,189,43140,53245,26623,2,2021-06-08T01:18:00Z,94.2231
PUNO,PUNO,200100,626,626,1,0,627,627,0,0,0,0,0,0,0,0,0,0,0,627,0,0,0,627,150593,182177,91093,1,2021-06-08T01:18:00Z,94.2231
PUNO,AZANGARO,200200,335,335,0,0,335,335,0,0,0,0,0,0,0,0,0,0,0,335,0,0,0,335,82099,98243,49126,0,2021-06-08T01:18:00Z,94.2231
PUNO,CARABAYA,200300,159,159,0,0,159,159,0,0,0,0,0,0,0,0,0,0,0,159,0,0,0,159,35146,45084,22544,0,2021-06-08T01:18:00Z,94.2231
PUNO,CHUCUITO,200400,204,204,0,1,205,205,0,0,0,0,0,0,0,0,0,0,0,205,0,0,0,205,47247,59704,29854,1,2021-06-08T01:18:00Z,94.2231
PUNO,HUANCANE,200500,190,190,0,0,190,190,0,0,0,0,0,0,0,0,0,0,0,190,0,0,0,190,44729,54989,27497,0,2021-06-08T01:18:00Z,94.2231
PUNO,LAMPA,200600,124,124,0,0,125,125,0,1,0,0,0,0,0,0,0,0,0,125,0,0,0,125,29817,35555,17780,1,2021-06-08T01:18:00Z,94.2231
PUNO,MELGAR,200700,187,187,0,0,187,187,0,0,0,0,0,0,0,0,0,0,0,187,0,0,0,187,43860,54677,27340,0,2021-06-08T01:18:00Z,94.2231
PUNO,SANDIA,200800,148,148,0,0,148,148,0,0,0,0,0,0,0,0,0,0,0,148,0,0,0,148,32569,41947,20976,0,2021-06-08T01:18:00Z,94.2231
PUNO,SAN ROMAN,200900,743,743,2,0,747,747,0,0,0,1,0,0,0,0,0,1,0,747,0,0,0,747,189398,219644,109824,4,2021-06-08T01:18:00Z,94.2231
PUNO,YUNGUYO,201000,104,104,0,0,105,105,0,0,0,1,0,0,0,0,0,0,0,105,0,0,0,105,21804,30308,15155,1,2021-06-08T01:18:00Z,94.2231
PUNO,SAN ANTONIO DE PUTINA,201100,78,78,0,0,78,78,0,0,0,0,0,0,0,0,0,0,0,78,0,0,0,78,19273,22609,11307,0,2021-06-08T01:18:00Z,94.2231
PUNO,EL COLLAO,201200,182,182,0,0,183,183,0,0,0,0,0,0,0,0,0,0,1,183,0,0,0,183,42685,53041,26521,1,2021-06-08T01:18:00Z,94.2231
PUNO,MOHO,201300,74,74,0,0,74,74,0,0,0,0,0,0,0,0,0,0,0,74,0,0,0,74,15471,21352,10677,0,2021-06-08T01:18:00Z,94.2231
SAN MARTIN,MOYOBAMBA,210100,332,332,0,0,332,332,0,0,0,0,0,0,0,0,0,0,0,332,0,0,0,332,69955,96987,48496,0,2021-06-08T01:18:00Z,94.2231
SAN MARTIN,HUALLAGA,210200,74,74,2,0,76,76,0,0,0,0,0,0,0,0,0,0,0,76,0,0,0,76,14846,21499,10751,2,2021-06-08T01:18:00Z,94.2231
SAN MARTIN,LAMAS,210300,225,225,0,0,225,225,0,0,0,0,0,0,0,0,0,0,0,225,0,0,0,225,47099,64173,32090,0,2021-06-08T01:18:00Z,94.2231
SAN MARTIN,MARISCAL CACERES,210400,159,159,1,1,163,163,0,0,0,1,0,0,0,0,0,0,1,163,0,0,0,163,32219,47189,23595,4,2021-06-08T01:18:00Z,94.2231
SAN MARTIN,RIOJA,210500,334,334,0,0,334,334,0,0,0,0,0,0,0,0,0,0,0,334,0,0,0,334,71287,99156,49578,0,2021-06-08T01:18:00Z,94.2231
SAN MARTIN,SAN MARTIN,210600,503,503,1,0,504,504,0,0,0,0,0,0,0,0,0,0,0,504,0,0,0,504,113568,146443,73225,1,2021-06-08T01:18:00Z,94.2231
SAN MARTIN,BELLAVISTA,210700,143,143,0,1,146,146,0,0,0,2,0,0,0,0,0,0,0,146,0,0,0,146,27959,40520,20261,3,2021-06-08T01:18:00Z,94.2231
SAN MARTIN,TOCACHE,210800,192,192,0,2,195,195,0,0,0,1,0,0,0,0,0,0,0,195,0,0,0,195,40062,55949,27976,3,2021-06-08T01:18:00Z,94.2231
SAN MARTIN,PICOTA,210900,111,111,0,0,112,112,0,0,0,1,0,0,0,0,0,0,0,112,0,0,0,112,23884,31922,15965,1,2021-06-08T01:18:00Z,94.2231
SAN MARTIN,EL DORADO,211000,99,99,0,2,101,101,0,0,0,0,0,0,0,0,0,0,0,101,0,0,0,101,20664,27918,13960,2,2021-06-08T01:18:00Z,94.2231
TACNA,TACNA,220100,886,886,3,5,897,897,0,0,0,0,0,0,0,0,0,0,3,897,0,0,0,897,206472,258975,129490,11,2021-06-08T01:18:00Z,94.2231
TACNA,TARATA,220200,24,24,0,0,24,24,0,0,0,0,0,0,0,0,0,0,0,24,0,0,0,24,4821,6308,3157,0,2021-06-08T01:18:00Z,94.2231
TACNA,JORGE BASADRE,220300,30,30,0,0,30,30,0,0,0,0,0,0,0,0,0,0,0,30,0,0,0,30,6457,8544,4273,0,2021-06-08T01:18:00Z,94.2231
TACNA,CANDARAVE,220400,23,23,0,0,23,23,0,0,0,0,0,0,0,0,0,0,0,23,0,0,0,23,4228,5893,2948,0,2021-06-08T01:18:00Z,94.2231
TUMBES,TUMBES,230100,394,394,0,2,399,399,0,0,0,1,0,0,0,0,0,0,2,399,0,0,0,399,91382,116052,58027,5,2021-06-08T01:18:00Z,94.2231
TUMBES,CONTRALMIRANTE VILLAR,230200,55,55,0,1,56,56,0,0,0,0,0,0,0,0,0,0,0,56,0,0,0,56,11930,15050,7526,1,2021-06-08T01:18:00Z,94.2231
TUMBES,ZARUMILLA,230300,117,117,0,2,119,119,0,0,0,0,0,0,0,0,0,0,0,119,0,0,0,119,26376,34521,17262,2,2021-06-08T01:18:00Z,94.2231
CALLAO,CALLAO,240100,2700,2700,13,18,2754,2754,0,5,0,11,0,0,0,0,0,4,3,2754,0,0,0,2754,642766,808366,404184,54,2021-06-08T01:18:00Z,94.2231
UCAYALI,CORONEL PORTILLO,250100,985,985,5,6,1008,1008,0,2,0,3,0,0,0,0,0,3,4,1008,0,0,0,1008,208059,292236,146120,23,2021-06-08T01:18:00Z,94.2231
UCAYALI,PADRE ABAD,250200,164,164,0,0,169,169,0,1,0,1,0,0,0,0,0,0,3,169,0,0,0,169,34482,48392,24196,5,2021-06-08T01:18:00Z,94.2231
UCAYALI,ATALAYA,250300,127,127,0,1,129,129,0,0,0,0,0,0,0,0,0,0,1,129,0,0,0,129,19475,37238,18620,2,2021-06-08T01:18:00Z,94.2231
UCAYALI,PURUS,250400,10,10,0,0,11,11,0,0,0,1,0,0,0,0,0,0,0,11,0,0,0,11,1408,2828,1414,1,2021-06-08T01:18:00Z,94.2231
